method,fraction,run,algorithm,auc_score
nar,0.3,8,AUMScorer,0.7887853123593482
nar,0.1,14,AUMScorer,0.8417714077183122
nar,0.05,18,ModelScorer,1.0
ncar,0.5,11,AUMScorer,0.6691372666221446
ncar,0.1,7,RandomForestScorer,0.9598617075323124
ncar,0.4,0,AUMScorer,0.7208164250643279
nnar,0.05,5,AUMScorer,0.8954479897278614
ncar,0.35,17,ModelScorer,1.0
nar,0.45,18,RandomForestScorer,0.9210826983134028
nar,0.25,18,RandomForestScorer,0.931314939625706
ncar,0.45,12,AUMScorer,0.682005691124263
ncar,0.2,18,RandomForestScorer,0.9480073885225876
nnar,0.45,18,ModelScorer,0.9285714285714284
nar,0.3,8,RandomForestScorer,0.9359258792430531
nnar,0.5,8,ModelScorer,0.8571428571428571
ncar,0.1,8,AUMScorer,0.8064079673523253
nnar,0.1,14,ModelScorer,1.0
nar,0.1,14,RandomForestScorer,0.96043435300071
nar,0.4,7,AUMScorer,0.784636970878687
nar,0.45,19,AUMScorer,0.7051711443054841
ncar,0.4,0,RandomForestScorer,0.9201648669412638
ncar,0.45,12,RandomForestScorer,0.817930554790264
ncar,0.05,6,ModelScorer,0.9285714285714284
nnar,0.25,0,AUMScorer,0.7890778551519684
ncar,0.5,2,RandomForestScorer,0.904239256747822
nnar,0.25,18,RandomForestScorer,0.94460878447541
nnar,0.15,17,AUMScorer,0.8140341499950396
ncar,0.05,19,AUMScorer,0.8489484336240135
ncar,0.4,17,ModelScorer,0.8571428571428571
ncar,0.2,17,ModelScorer,0.8571428571428572
nar,0.45,19,RandomForestScorer,0.9345572271769332
nnar,0.1,18,AUMScorer,0.8197258828705769
nar,0.5,7,ModelScorer,0.9285714285714286
nar,0.3,7,ModelScorer,0.9285714285714286
ncar,0.25,7,ModelScorer,0.8571428571428572
nnar,0.2,4,ModelScorer,1.0
nnar,0.5,12,RandomForestScorer,0.9047186272697288
nar,0.1,13,ModelScorer,0.9285714285714284
nar,0.15,3,ModelScorer,0.9285714285714284
ncar,0.3,10,AUMScorer,0.756777685119729
nnar,0.2,17,AUMScorer,0.7853364427700363
nnar,0.1,18,RandomForestScorer,0.961681791779279
nnar,0.4,11,AUMScorer,0.7720799835831506
ncar,0.5,1,ModelScorer,0.857142857142857
nnar,0.15,8,RandomForestScorer,0.95655145195859
nnar,0.45,1,AUMScorer,0.7409832146289413
nar,0.15,16,AUMScorer,0.8436124274030377
nnar,0.25,17,ModelScorer,0.7857142857142857
nnar,0.3,7,ModelScorer,0.9285714285714286
ncar,0.05,10,RandomForestScorer,0.9637603894323086
nar,0.1,17,AUMScorer,0.8280362744505579
ncar,0.4,18,ModelScorer,0.8571428571428571
nnar,0.35,10,AUMScorer,0.784101968803826
ncar,0.25,11,RandomForestScorer,0.9359424721625614
ncar,0.3,1,RandomForestScorer,0.9356172111260536
nar,0.35,1,RandomForestScorer,0.9392743642649052
nnar,0.2,8,RandomForestScorer,0.9560391245670012
nnar,0.4,2,RandomForestScorer,0.9256353545267588
nar,0.1,17,RandomForestScorer,0.9535666037870972
nar,0.4,10,AUMScorer,0.8115632819704709
nar,0.15,7,RandomForestScorer,0.9578553698187696
nar,0.45,0,AUMScorer,0.8312112776550405
nnar,0.15,7,ModelScorer,0.8571428571428571
nar,0.25,16,ModelScorer,1.0
nar,0.3,6,ModelScorer,0.9285714285714286
ncar,0.05,9,ModelScorer,0.9285714285714284
nnar,0.35,10,RandomForestScorer,0.9330413856153412
ncar,0.5,9,ModelScorer,0.9285714285714286
nar,0.3,19,AUMScorer,0.8143890087585627
nnar,0.05,3,ModelScorer,1.0
nnar,0.15,11,AUMScorer,0.8241371338611655
ncar,0.3,0,ModelScorer,0.9285714285714286
nar,0.4,1,RandomForestScorer,0.9293878115712674
nnar,0.2,7,ModelScorer,0.7857142857142857
nar,0.15,6,ModelScorer,0.9285714285714284
ncar,0.1,6,ModelScorer,0.9285714285714284
nar,0.05,4,AUMScorer,0.9122321880523756
ncar,0.5,13,AUMScorer,0.6798781714118134
ncar,0.15,18,ModelScorer,0.9285714285714286
nar,0.5,18,RandomForestScorer,0.8999082034921315
ncar,0.15,8,ModelScorer,0.8571428571428572
nar,0.25,11,AUMScorer,0.8049347730999474
nar,0.15,11,ModelScorer,0.9285714285714284
nar,0.4,7,RandomForestScorer,0.9274045414664096
ncar,0.25,19,ModelScorer,0.8571428571428572
ncar,0.15,11,RandomForestScorer,0.950698244064975
nnar,0.5,11,ModelScorer,0.8571428571428572
nar,0.1,12,ModelScorer,1.0
nnar,0.1,6,AUMScorer,0.8474304130845633
nnar,0.35,1,ModelScorer,1.0
nnar,0.2,0,ModelScorer,1.0
ncar,0.1,12,RandomForestScorer,0.9578621419165524
nnar,0.5,14,RandomForestScorer,0.9227668460259852
nnar,0.4,3,RandomForestScorer,0.9424529792818774
nar,0.4,5,ModelScorer,0.8571428571428571
nar,0.05,10,RandomForestScorer,0.9671745303057504
ncar,0.4,19,AUMScorer,0.6918108204606307
nar,0.15,1,AUMScorer,0.8262571326234649
nnar,0.45,11,AUMScorer,0.6992620290919472
nnar,0.5,1,AUMScorer,0.7366832738474257
ncar,0.35,10,ModelScorer,0.9285714285714284
nnar,0.1,7,AUMScorer,0.831853864128903
nnar,0.05,19,ModelScorer,0.9285714285714284
nar,0.3,14,ModelScorer,0.8571428571428571
nar,0.35,4,ModelScorer,0.857142857142857
ncar,0.3,14,RandomForestScorer,0.9399319387727342
nar,0.3,17,RandomForestScorer,0.9478114721080984
nar,0.2,6,RandomForestScorer,0.9441888311761998
nnar,0.35,6,RandomForestScorer,0.9288387595537044
ncar,0.05,16,AUMScorer,0.8599768702794501
nnar,0.15,12,RandomForestScorer,0.952850505026487
nar,0.2,2,AUMScorer,0.8406063982409681
nar,0.35,3,AUMScorer,0.7406269191989417
nar,0.1,19,AUMScorer,0.8250987108960525
nar,0.15,14,ModelScorer,0.9285714285714284
nar,0.3,4,AUMScorer,0.7638846053988398
nar,0.45,0,RandomForestScorer,0.924469893225921
ncar,0.25,17,AUMScorer,0.7524517727141633
ncar,0.45,11,AUMScorer,0.7184742629808656
ncar,0.4,13,RandomForestScorer,0.8540444425885926
ncar,0.35,2,ModelScorer,0.7142857142857142
ncar,0.2,1,ModelScorer,0.9285714285714286
nar,0.2,4,ModelScorer,0.8571428571428572
ncar,0.35,19,AUMScorer,0.7662422689765461
ncar,0.1,18,ModelScorer,0.9285714285714284
nnar,0.5,17,RandomForestScorer,0.874217438602195
nnar,0.25,10,AUMScorer,0.77080935247248
ncar,0.2,4,RandomForestScorer,0.9458576919603684
nnar,0.15,10,ModelScorer,0.8571428571428571
nnar,0.4,6,RandomForestScorer,0.9419153306722308
nnar,0.1,11,ModelScorer,0.9285714285714284
nar,0.5,14,AUMScorer,0.7410763087511634
ncar,0.5,16,RandomForestScorer,0.9280995122035708
nar,0.4,3,AUMScorer,0.797959403866422
nar,0.45,15,AUMScorer,0.7900993885452142
nar,0.05,4,RandomForestScorer,0.973168008825776
ncar,0.4,2,ModelScorer,0.8571428571428571
nar,0.35,7,ModelScorer,0.8571428571428571
ncar,0.5,14,ModelScorer,0.8571428571428571
nnar,0.05,3,RandomForestScorer,0.9614582016113816
nar,0.15,13,ModelScorer,1.0
nar,0.35,10,RandomForestScorer,0.9381279427270184
nar,0.2,9,RandomForestScorer,0.9495009654849658
ncar,0.5,17,RandomForestScorer,0.8410713084018021
nar,0.05,2,ModelScorer,1.0
ncar,0.2,12,RandomForestScorer,0.9474892248808682
nnar,0.3,13,ModelScorer,0.8571428571428571
nar,0.05,19,AUMScorer,0.8798049136492027
nar,0.15,16,RandomForestScorer,0.9538641214741992
nnar,0.35,3,ModelScorer,0.7857142857142857
nnar,0.25,4,RandomForestScorer,0.9473924418491296
nnar,0.1,19,ModelScorer,0.9285714285714284
nnar,0.3,16,RandomForestScorer,0.940938766125634
nar,0.4,16,ModelScorer,0.9285714285714284
nar,0.15,12,AUMScorer,0.8065973580201968
nar,0.45,6,ModelScorer,1.0
nnar,0.2,5,RandomForestScorer,0.9468267645908488
nar,0.5,18,ModelScorer,0.8571428571428572
nnar,0.5,12,AUMScorer,0.7136820862441438
ncar,0.35,0,AUMScorer,0.725443066031577
nnar,0.35,2,AUMScorer,0.7787706460860948
ncar,0.1,16,AUMScorer,0.8002327660133857
ncar,0.15,11,ModelScorer,1.0
nar,0.25,14,AUMScorer,0.8275180293309712
nar,0.4,10,RandomForestScorer,0.9404513766139068
nnar,0.3,3,AUMScorer,0.8017941213099757
nnar,0.4,12,ModelScorer,0.7857142857142857
nnar,0.15,8,AUMScorer,0.8309426349392113
nnar,0.5,14,ModelScorer,0.7857142857142857
nar,0.4,6,AUMScorer,0.7253266557448792
nnar,0.2,3,ModelScorer,0.9285714285714286
nar,0.05,10,ModelScorer,1.0
ncar,0.2,0,AUMScorer,0.7670809361381286
nnar,0.4,2,AUMScorer,0.7673299785430566
ncar,0.05,4,RandomForestScorer,0.9724811490740596
nnar,0.05,6,RandomForestScorer,0.9675736366006312
nar,0.3,1,RandomForestScorer,0.93205911000834
ncar,0.5,12,AUMScorer,0.6279298860711235
ncar,0.35,13,ModelScorer,0.9285714285714284
nar,0.2,15,ModelScorer,0.9285714285714286
ncar,0.05,0,AUMScorer,0.8828897359512173
ncar,0.35,16,RandomForestScorer,0.936024985026686
nar,0.15,19,RandomForestScorer,0.9574181699199952
nar,0.05,0,AUMScorer,0.8969891959483751
ncar,0.2,15,RandomForestScorer,0.94961668164366
nar,0.3,17,ModelScorer,0.7857142857142856
ncar,0.25,5,RandomForestScorer,0.9478943753843304
nnar,0.35,6,ModelScorer,0.9285714285714286
ncar,0.3,17,RandomForestScorer,0.9384206231140124
nnar,0.15,12,ModelScorer,0.9285714285714284
nnar,0.35,9,RandomForestScorer,0.9348618734538892
nar,0.45,9,ModelScorer,0.7857142857142856
ncar,0.05,2,ModelScorer,1.0
nar,0.5,16,AUMScorer,0.7432512118237143
nnar,0.15,15,RandomForestScorer,0.9551710478290236
nar,0.3,16,AUMScorer,0.8499076658675728
ncar,0.35,3,AUMScorer,0.805361264263099
nar,0.2,5,AUMScorer,0.8607796036017195
nar,0.35,6,AUMScorer,0.7656319576513508
nar,0.5,2,RandomForestScorer,0.8878062073468403
ncar,0.1,19,AUMScorer,0.7905928451783553
ncar,0.4,13,ModelScorer,1.0
nar,0.4,13,RandomForestScorer,0.920918359523076
nnar,0.4,15,ModelScorer,0.7857142857142856
ncar,0.15,9,AUMScorer,0.7796886820198403
nnar,0.45,5,ModelScorer,0.9285714285714284
ncar,0.25,3,ModelScorer,1.0
ncar,0.4,16,RandomForestScorer,0.9103426185809051
nnar,0.5,17,ModelScorer,0.7857142857142858
ncar,0.2,4,ModelScorer,1.0
nnar,0.3,12,AUMScorer,0.7984767502732056
nnar,0.45,8,RandomForestScorer,0.8770389918644432
nnar,0.2,1,AUMScorer,0.8245833685903945
nnar,0.15,13,ModelScorer,1.0
nnar,0.4,9,RandomForestScorer,0.9356256841970824
nar,0.05,13,ModelScorer,1.0
ncar,0.5,19,RandomForestScorer,0.8969063032748753
ncar,0.4,3,AUMScorer,0.7047826656767426
nar,0.05,16,RandomForestScorer,0.96792489322473
nnar,0.35,17,RandomForestScorer,0.9361636478403432
ncar,0.05,7,RandomForestScorer,0.9680588607426964
ncar,0.5,15,AUMScorer,0.69065659866855
nar,0.25,8,ModelScorer,0.9285714285714286
nar,0.15,0,RandomForestScorer,0.9500676454538654
nar,0.05,3,AUMScorer,0.9000417803302281
nar,0.35,10,ModelScorer,0.9285714285714284
nar,0.25,11,RandomForestScorer,0.9417511896753786
nnar,0.35,4,AUMScorer,0.7788764555397727
ncar,0.5,17,ModelScorer,0.857142857142857
ncar,0.2,12,ModelScorer,0.9285714285714286
nar,0.2,12,RandomForestScorer,0.9408214326846774
nnar,0.2,14,ModelScorer,0.9285714285714286
ncar,0.05,5,ModelScorer,0.9285714285714284
nnar,0.25,4,ModelScorer,0.9285714285714286
nnar,0.1,6,RandomForestScorer,0.962326711171566
nnar,0.3,16,ModelScorer,0.8571428571428571
nar,0.4,19,ModelScorer,0.9285714285714284
ncar,0.2,11,AUMScorer,0.79205475185379
ncar,0.25,6,ModelScorer,0.9285714285714286
nar,0.15,15,AUMScorer,0.8020161007731623
ncar,0.25,1,AUMScorer,0.7808214447881369
ncar,0.4,19,RandomForestScorer,0.9330157502999454
ncar,0.3,13,AUMScorer,0.7041035273974536
nnar,0.5,15,AUMScorer,0.7383040440863902
nnar,0.35,5,AUMScorer,0.777809726021471
ncar,0.1,2,ModelScorer,1.0
nnar,0.2,4,AUMScorer,0.79668508364292
nnar,0.5,1,RandomForestScorer,0.9270173595469324
nnar,0.45,2,RandomForestScorer,0.9262486583267512
ncar,0.45,10,RandomForestScorer,0.8889879692310266
ncar,0.5,0,RandomForestScorer,0.9249166026789274
nar,0.4,9,AUMScorer,0.7882174035761071
ncar,0.35,18,RandomForestScorer,0.9345432774620612
nar,0.35,17,AUMScorer,0.7446368265350882
nnar,0.05,6,ModelScorer,1.0
nar,0.3,1,ModelScorer,0.9285714285714286
nnar,0.4,5,AUMScorer,0.7548296591850148
nar,0.3,18,AUMScorer,0.8214735426864467
nar,0.45,14,RandomForestScorer,0.9185962958814922
nnar,0.05,9,RandomForestScorer,0.9700467896822472
nar,0.3,4,RandomForestScorer,0.9438129717357724
ncar,0.35,16,ModelScorer,0.9285714285714284
nar,0.15,19,ModelScorer,0.9285714285714284
nar,0.2,18,ModelScorer,0.8571428571428571
ncar,0.2,15,ModelScorer,0.7857142857142857
ncar,0.25,5,ModelScorer,0.9285714285714286
nnar,0.25,7,ModelScorer,0.7857142857142857
nar,0.1,10,RandomForestScorer,0.963784799208336
ncar,0.05,3,AUMScorer,0.8684172776251589
ncar,0.35,19,RandomForestScorer,0.902012785330776
nnar,0.3,14,AUMScorer,0.7734257666366872
ncar,0.25,8,RandomForestScorer,0.9267362188305792
nnar,0.45,10,RandomForestScorer,0.9331739454789144
nnar,0.25,10,RandomForestScorer,0.9479582266003724
nnar,0.35,9,ModelScorer,0.8571428571428571
nnar,0.3,0,RandomForestScorer,0.943344671006182
nar,0.4,0,ModelScorer,0.8571428571428571
nnar,0.2,11,RandomForestScorer,0.9523786451419892
nar,0.45,12,ModelScorer,0.7142857142857143
ncar,0.25,4,AUMScorer,0.7414906468243985
nar,0.5,2,ModelScorer,0.8571428571428572
nar,0.5,19,AUMScorer,0.7767045158461369
nnar,0.15,18,RandomForestScorer,0.946606483466922
nar,0.05,18,RandomForestScorer,0.9720701161368308
ncar,0.35,6,AUMScorer,0.7599555532581371
nar,0.45,15,RandomForestScorer,0.9084483673992408
ncar,0.1,5,ModelScorer,1.0
nar,0.2,8,AUMScorer,0.8513346649162801
nar,0.5,5,RandomForestScorer,0.8866604753010862
ncar,0.4,16,ModelScorer,0.8571428571428571
nnar,0.4,18,ModelScorer,0.9285714285714284
ncar,0.15,12,AUMScorer,0.8358643485513019
nnar,0.15,14,AUMScorer,0.8517075492590813
ncar,0.1,8,RandomForestScorer,0.9623285217531952
nnar,0.45,8,ModelScorer,0.7857142857142856
nar,0.25,13,RandomForestScorer,0.9417122203006366
ncar,0.4,15,AUMScorer,0.7464237460814787
nar,0.05,16,ModelScorer,1.0
nnar,0.35,17,ModelScorer,0.9285714285714286
nar,0.05,19,RandomForestScorer,0.9654862326086728
nnar,0.2,19,RandomForestScorer,0.94615904334555
ncar,0.3,7,ModelScorer,0.8571428571428572
ncar,0.45,6,AUMScorer,0.6746636462585591
ncar,0.5,18,AUMScorer,0.6398358174210198
nar,0.15,0,ModelScorer,0.9285714285714284
ncar,0.35,14,AUMScorer,0.7446614454387323
nnar,0.35,16,AUMScorer,0.7880199154565245
nar,0.25,11,ModelScorer,1.0
nar,0.1,13,RandomForestScorer,0.9578287881658863
ncar,0.35,0,RandomForestScorer,0.9296204921053328
nar,0.15,3,RandomForestScorer,0.9527397431043828
nar,0.05,6,AUMScorer,0.8731742210925142
nar,0.25,14,RandomForestScorer,0.9434164832559097
nnar,0.1,6,ModelScorer,0.9285714285714284
nnar,0.3,3,RandomForestScorer,0.9371127201948508
nnar,0.2,17,ModelScorer,0.8571428571428572
nar,0.45,10,AUMScorer,0.7450853252913576
nnar,0.1,9,RandomForestScorer,0.956969734660838
nar,0.5,0,AUMScorer,0.7422905461939998
nar,0.3,0,AUMScorer,0.8058474749894982
ncar,0.1,3,AUMScorer,0.8503370615484953
ncar,0.4,19,ModelScorer,0.8571428571428571
nar,0.25,1,AUMScorer,0.8069232302280849
nar,0.15,1,ModelScorer,0.9285714285714284
ncar,0.15,15,AUMScorer,0.7920849164726038
ncar,0.2,14,AUMScorer,0.8202976725025373
nar,0.15,18,AUMScorer,0.8047560624440635
nnar,0.4,16,AUMScorer,0.7524192241604879
nnar,0.45,11,ModelScorer,0.9285714285714284
nnar,0.45,6,AUMScorer,0.7361937780082918
nnar,0.5,1,ModelScorer,0.9285714285714286
nnar,0.5,18,AUMScorer,0.7588113282305476
nnar,0.2,7,AUMScorer,0.8019537714659413
ncar,0.45,10,ModelScorer,0.9285714285714286
nar,0.05,14,AUMScorer,0.8692083960006853
ncar,0.45,13,RandomForestScorer,0.9041871125703438
ncar,0.5,3,RandomForestScorer,0.8485841190136885
nar,0.05,0,RandomForestScorer,0.9615825660546902
ncar,0.05,16,ModelScorer,1.0
nnar,0.25,12,RandomForestScorer,0.9478747474973784
nar,0.2,2,ModelScorer,1.0
ncar,0.35,17,AUMScorer,0.7316514520473932
nar,0.2,19,AUMScorer,0.8205359116818822
nar,0.5,16,RandomForestScorer,0.8599229394735473
nar,0.25,9,AUMScorer,0.8493743533740776
nar,0.3,4,ModelScorer,0.9285714285714286
nnar,0.05,9,ModelScorer,0.9285714285714284
ncar,0.45,11,ModelScorer,0.9285714285714286
nar,0.45,17,RandomForestScorer,0.9278002669464288
ncar,0.25,17,ModelScorer,0.9285714285714286
ncar,0.15,9,RandomForestScorer,0.9540969787715096
nar,0.3,7,RandomForestScorer,0.9421555382965622
nar,0.1,10,ModelScorer,0.9285714285714284
ncar,0.35,19,ModelScorer,0.9285714285714284
nnar,0.05,12,RandomForestScorer,0.97882345582659
ncar,0.2,18,ModelScorer,0.8571428571428572
ncar,0.1,10,RandomForestScorer,0.9594595604176837
nnar,0.2,15,AUMScorer,0.8012254789700567
nnar,0.25,10,ModelScorer,1.0
ncar,0.05,6,AUMScorer,0.8305560054522751
nar,0.5,3,AUMScorer,0.7886846996741035
nnar,0.3,0,ModelScorer,1.0
nnar,0.15,2,RandomForestScorer,0.94566480398791
ncar,0.4,0,ModelScorer,0.8571428571428571
nar,0.1,9,AUMScorer,0.8320974021435306
nar,0.4,3,ModelScorer,0.8571428571428571
ncar,0.4,17,AUMScorer,0.7173783436795191
ncar,0.2,17,AUMScorer,0.8163726657037879
nar,0.45,15,ModelScorer,0.8571428571428571
ncar,0.25,7,AUMScorer,0.749464911070354
nnar,0.45,9,AUMScorer,0.7592067531260467
ncar,0.4,3,RandomForestScorer,0.943223042996814
nar,0.5,5,ModelScorer,0.8571428571428572
ncar,0.1,8,ModelScorer,1.0
nnar,0.1,5,AUMScorer,0.839133715731511
ncar,0.3,12,RandomForestScorer,0.9426669466569884
ncar,0.5,6,RandomForestScorer,0.9044357855924442
nar,0.3,15,RandomForestScorer,0.9377201788707
nnar,0.35,4,RandomForestScorer,0.9377606871451925
ncar,0.05,19,ModelScorer,1.0
ncar,0.4,18,AUMScorer,0.6841774447428755
nar,0.05,19,ModelScorer,1.0
nar,0.25,12,AUMScorer,0.823291078869934
nnar,0.05,7,AUMScorer,0.8889870133481679
nar,0.3,2,AUMScorer,0.841509779472816
ncar,0.05,13,RandomForestScorer,0.9767800523177732
ncar,0.3,10,ModelScorer,0.8571428571428571
ncar,0.45,9,AUMScorer,0.7343846176313931
nnar,0.5,12,ModelScorer,0.7857142857142858
ncar,0.35,0,ModelScorer,0.9285714285714284
nnar,0.35,19,AUMScorer,0.8025764103632953
ncar,0.1,16,ModelScorer,0.9285714285714284
nar,0.1,16,RandomForestScorer,0.9517449771560236
nar,0.25,14,ModelScorer,0.8571428571428572
nnar,0.2,18,AUMScorer,0.7958147917660454
nnar,0.5,15,RandomForestScorer,0.9368461188599286
nar,0.15,6,RandomForestScorer,0.9549718251607188
nnar,0.4,4,RandomForestScorer,0.924510956919876
nnar,0.25,8,AUMScorer,0.7827836263894696
ncar,0.2,2,RandomForestScorer,0.9406350156670438
nnar,0.3,3,ModelScorer,1.0
nnar,0.45,16,RandomForestScorer,0.9242250766685915
nar,0.3,10,AUMScorer,0.8187555859624228
nnar,0.1,9,ModelScorer,1.0
nar,0.4,6,ModelScorer,0.7857142857142856
nar,0.15,2,AUMScorer,0.8553703744229346
nar,0.45,13,AUMScorer,0.7666350074312238
nnar,0.1,12,RandomForestScorer,0.956583701743704
ncar,0.3,0,AUMScorer,0.7831832849075268
nar,0.3,3,AUMScorer,0.7961264532002524
ncar,0.1,6,AUMScorer,0.8346588667556304
nnar,0.1,8,AUMScorer,0.8480457917222712
nnar,0.4,2,ModelScorer,0.7857142857142856
nnar,0.4,19,AUMScorer,0.7984191907173218
ncar,0.5,12,ModelScorer,0.9285714285714284
nar,0.3,18,RandomForestScorer,0.9426333067386476
ncar,0.35,5,RandomForestScorer,0.9468663261158092
nar,0.35,8,RandomForestScorer,0.9164454511537972
nar,0.2,7,RandomForestScorer,0.9340473996425744
ncar,0.45,13,ModelScorer,0.8571428571428571
nar,0.05,0,ModelScorer,1.0
nar,0.05,17,AUMScorer,0.8680742523204412
ncar,0.1,19,RandomForestScorer,0.9571814696733588
nar,0.15,11,AUMScorer,0.8685802030136113
nnar,0.25,9,AUMScorer,0.757746551365129
nnar,0.4,7,RandomForestScorer,0.9207385003716132
nnar,0.05,11,AUMScorer,0.9302807772949117
ncar,0.1,0,AUMScorer,0.7673113099876793
nnar,0.1,0,ModelScorer,0.9285714285714284
nnar,0.5,11,AUMScorer,0.8384878202964487
nar,0.5,8,ModelScorer,0.8571428571428572
ncar,0.05,17,AUMScorer,0.8600584090593174
ncar,0.15,19,RandomForestScorer,0.9518427116115274
nnar,0.3,2,AUMScorer,0.7778875412356764
nar,0.15,4,ModelScorer,0.9285714285714284
ncar,0.4,5,ModelScorer,0.9285714285714284
ncar,0.1,1,RandomForestScorer,0.9633104324001612
ncar,0.1,4,AUMScorer,0.8425444853733248
nar,0.15,15,RandomForestScorer,0.9528055056183944
ncar,0.4,8,ModelScorer,0.7142857142857142
nnar,0.4,7,ModelScorer,0.9285714285714284
nnar,0.45,19,ModelScorer,0.7142857142857142
nnar,0.5,9,ModelScorer,0.8571428571428571
ncar,0.05,9,RandomForestScorer,0.9698352910933808
nnar,0.05,8,RandomForestScorer,0.9749312092890036
nar,0.05,11,RandomForestScorer,0.9613422417929104
nar,0.45,8,RandomForestScorer,0.9256618996090344
ncar,0.5,11,ModelScorer,0.857142857142857
nar,0.35,1,AUMScorer,0.8262173157622021
nar,0.2,15,RandomForestScorer,0.9467475221543358
nar,0.05,7,ModelScorer,1.0
ncar,0.25,16,AUMScorer,0.7539332157431934
ncar,0.35,15,RandomForestScorer,0.9189752226381938
ncar,0.5,0,AUMScorer,0.689190070802651
ncar,0.3,6,AUMScorer,0.7741034760361394
nnar,0.2,13,RandomForestScorer,0.9469201330163688
ncar,0.35,18,AUMScorer,0.7850526206291442
nar,0.25,1,ModelScorer,0.8571428571428572
nnar,0.35,17,AUMScorer,0.772093116962772
ncar,0.25,4,RandomForestScorer,0.93849389826145
nar,0.35,17,RandomForestScorer,0.9339934328639854
nnar,0.2,16,AUMScorer,0.79806911059916
nnar,0.3,15,RandomForestScorer,0.943003840426993
nnar,0.25,3,RandomForestScorer,0.932817554893224
nnar,0.25,6,AUMScorer,0.7814442417764154
nnar,0.35,5,RandomForestScorer,0.934314619059644
nar,0.35,13,ModelScorer,0.8571428571428571
nar,0.5,12,AUMScorer,0.8283462657714049
ncar,0.3,18,ModelScorer,0.9285714285714286
nar,0.4,1,AUMScorer,0.7989759849887991
ncar,0.2,7,ModelScorer,0.9285714285714286
nar,0.05,8,ModelScorer,0.9285714285714284
nnar,0.5,0,AUMScorer,0.7313661583515222
ncar,0.45,17,AUMScorer,0.6609820620079409
nnar,0.25,18,ModelScorer,0.8571428571428572
ncar,0.4,15,RandomForestScorer,0.9086356076832036
nar,0.1,6,RandomForestScorer,0.950760779178881
nnar,0.4,14,RandomForestScorer,0.913393356392254
ncar,0.45,5,RandomForestScorer,0.9325784400659564
nnar,0.4,17,AUMScorer,0.7088070975206751
ncar,0.45,1,ModelScorer,0.7857142857142857
nar,0.4,13,ModelScorer,0.9285714285714284
nnar,0.45,0,ModelScorer,0.7857142857142857
nar,0.45,3,ModelScorer,0.7857142857142856
nar,0.25,17,RandomForestScorer,0.94599116834373
nar,0.4,2,AUMScorer,0.7790166049482693
nnar,0.45,18,AUMScorer,0.742761935832365
ncar,0.3,9,AUMScorer,0.7956895423129702
nar,0.3,11,AUMScorer,0.8069819828434821
ncar,0.1,15,AUMScorer,0.8234795899255234
nnar,0.05,4,ModelScorer,1.0
ncar,0.15,5,AUMScorer,0.8051459224832929
ncar,0.1,3,RandomForestScorer,0.962223544657542
ncar,0.2,14,RandomForestScorer,0.9404524050562566
nar,0.2,11,ModelScorer,0.9285714285714286
nnar,0.15,14,RandomForestScorer,0.9540709993516842
ncar,0.2,10,ModelScorer,0.9285714285714286
ncar,0.35,11,ModelScorer,0.8571428571428571
nnar,0.2,9,ModelScorer,0.9285714285714286
ncar,0.25,0,ModelScorer,0.9285714285714286
ncar,0.15,17,ModelScorer,0.9285714285714284
nar,0.5,9,RandomForestScorer,0.9234017685202678
nnar,0.3,11,ModelScorer,0.8571428571428572
ncar,0.45,8,RandomForestScorer,0.9260933479381472
nnar,0.45,7,RandomForestScorer,0.9268728140783694
nnar,0.45,10,AUMScorer,0.7610860631895092
nnar,0.1,17,ModelScorer,1.0
ncar,0.1,4,RandomForestScorer,0.9688430382295988
nar,0.05,7,AUMScorer,0.8778601369031721
ncar,0.25,18,AUMScorer,0.7513930002923941
ncar,0.1,0,ModelScorer,1.0
nnar,0.35,16,RandomForestScorer,0.9327466533512828
ncar,0.4,11,ModelScorer,1.0
nar,0.1,2,ModelScorer,1.0
ncar,0.05,12,RandomForestScorer,0.9670211955528696
nnar,0.05,11,RandomForestScorer,0.9689245514814366
nnar,0.05,14,AUMScorer,0.914765376514869
nar,0.35,4,AUMScorer,0.8201572775156304
ncar,0.15,8,AUMScorer,0.7545820499483369
nar,0.25,13,ModelScorer,1.0
nnar,0.15,7,AUMScorer,0.8168203979273726
ncar,0.45,19,AUMScorer,0.7074243617394417
ncar,0.25,19,AUMScorer,0.7747456356440402
ncar,0.3,6,RandomForestScorer,0.9391684324725224
nar,0.15,10,AUMScorer,0.809591961817961
nar,0.2,14,ModelScorer,0.9285714285714286
ncar,0.2,17,RandomForestScorer,0.9371299910198932
nnar,0.2,16,RandomForestScorer,0.9567046726843176
ncar,0.25,7,RandomForestScorer,0.9496842430724424
nnar,0.2,19,AUMScorer,0.7724733375377417
nnar,0.25,6,RandomForestScorer,0.9367012573096194
nar,0.35,16,ModelScorer,1.0
nnar,0.25,2,ModelScorer,1.0
nar,0.5,12,RandomForestScorer,0.889693031047761
nar,0.45,3,AUMScorer,0.8198064657616823
nar,0.5,15,AUMScorer,0.7943286185049924
nnar,0.4,1,AUMScorer,0.7265258539555675
nar,0.45,13,RandomForestScorer,0.92513839692188
nar,0.25,19,RandomForestScorer,0.9376655000329852
nar,0.4,4,AUMScorer,0.7966222591216041
nnar,0.5,0,RandomForestScorer,0.92785974420615
ncar,0.4,18,RandomForestScorer,0.9339598272698424
nar,0.1,9,RandomForestScorer,0.9595398475710988
nnar,0.4,17,RandomForestScorer,0.925259142309134
nnar,0.3,10,AUMScorer,0.8119728417540214
ncar,0.4,14,ModelScorer,0.8571428571428571
nnar,0.4,13,ModelScorer,0.7857142857142857
ncar,0.45,4,ModelScorer,0.9285714285714286
nnar,0.45,3,ModelScorer,0.8571428571428571
nar,0.2,11,AUMScorer,0.8693620958894609
nnar,0.45,18,RandomForestScorer,0.9261593404933944
nnar,0.35,12,ModelScorer,0.8571428571428571
nar,0.15,13,AUMScorer,0.88342241946947
ncar,0.3,12,AUMScorer,0.802851295418384
nar,0.3,11,RandomForestScorer,0.9332483367031836
ncar,0.35,2,AUMScorer,0.7786877897026891
ncar,0.2,1,AUMScorer,0.8247199407983599
ncar,0.1,15,RandomForestScorer,0.9613847072335026
nnar,0.25,9,RandomForestScorer,0.9427737501752804
ncar,0.05,8,ModelScorer,1.0
nnar,0.35,1,AUMScorer,0.765264273362639
nar,0.3,14,AUMScorer,0.8512991973075468
nnar,0.05,7,ModelScorer,1.0
nnar,0.2,0,AUMScorer,0.7823574308744047
ncar,0.1,18,AUMScorer,0.8027240352773584
ncar,0.15,5,RandomForestScorer,0.9496192752680784
nnar,0.1,17,AUMScorer,0.8151279861167466
ncar,0.15,1,ModelScorer,0.9285714285714284
nar,0.45,6,AUMScorer,0.7537505222774836
nnar,0.1,5,RandomForestScorer,0.9556111699915012
nnar,0.1,1,ModelScorer,0.9285714285714284
ncar,0.2,13,ModelScorer,0.9285714285714286
ncar,0.35,14,ModelScorer,0.8571428571428571
nnar,0.2,12,ModelScorer,0.9285714285714286
ncar,0.4,2,AUMScorer,0.7086381503957851
nar,0.15,2,RandomForestScorer,0.9501523432822316
ncar,0.5,14,AUMScorer,0.6565835852062848
nnar,0.45,6,ModelScorer,0.9285714285714284
ncar,0.25,18,RandomForestScorer,0.9514322705126186
nar,0.25,15,ModelScorer,1.0
nar,0.05,10,AUMScorer,0.9020782801562238
nar,0.2,14,AUMScorer,0.8277880538088302
nnar,0.35,19,RandomForestScorer,0.942919584665452
nar,0.25,4,AUMScorer,0.8245295916830526
nar,0.1,5,ModelScorer,1.0
nar,0.2,2,RandomForestScorer,0.9454031462190502
ncar,0.05,15,RandomForestScorer,0.9723049969537554
nnar,0.05,14,RandomForestScorer,0.9727994749396436
nar,0.5,14,RandomForestScorer,0.920753770934606
nnar,0.5,14,AUMScorer,0.7076109778373069
nar,0.3,17,AUMScorer,0.8070186634301288
nar,0.35,4,RandomForestScorer,0.9383705261768512
ncar,0.15,8,RandomForestScorer,0.9506917599218055
nar,0.35,7,AUMScorer,0.8362011509430735
nnar,0.05,10,ModelScorer,1.0
ncar,0.15,11,AUMScorer,0.7816714117920907
ncar,0.45,19,RandomForestScorer,0.9351965987653692
nnar,0.15,10,AUMScorer,0.7973548773022192
nar,0.15,10,RandomForestScorer,0.95531926463472
nnar,0.1,8,RandomForestScorer,0.9657287018477608
ncar,0.45,15,ModelScorer,0.7142857142857143
nnar,0.45,14,ModelScorer,0.9285714285714284
ncar,0.1,11,ModelScorer,0.9285714285714284
nar,0.35,19,ModelScorer,0.8571428571428571
nar,0.4,16,AUMScorer,0.8213660546845998
nnar,0.25,5,ModelScorer,0.9285714285714286
nar,0.5,15,RandomForestScorer,0.8963144809704209
nnar,0.4,1,RandomForestScorer,0.9376564991260994
ncar,0.4,5,AUMScorer,0.7545802608298021
nar,0.4,4,RandomForestScorer,0.9418762389884636
nnar,0.4,4,AUMScorer,0.7587196115360809
ncar,0.35,13,AUMScorer,0.7706478374170231
nnar,0.35,12,AUMScorer,0.8019914906549572
nnar,0.3,7,RandomForestScorer,0.9389365960245484
nnar,0.3,18,RandomForestScorer,0.929058555489372
nar,0.05,12,AUMScorer,0.8882530576466103
nar,0.45,11,RandomForestScorer,0.887629470343415
ncar,0.1,19,ModelScorer,0.7857142857142857
ncar,0.15,9,ModelScorer,0.9285714285714284
nar,0.3,12,RandomForestScorer,0.9196448794012916
ncar,0.15,15,RandomForestScorer,0.949112370455732
ncar,0.35,4,ModelScorer,0.9285714285714284
nar,0.25,2,RandomForestScorer,0.9387530897591808
ncar,0.5,7,AUMScorer,0.7199685168061574
nar,0.15,5,AUMScorer,0.8790425345725728
nar,0.05,1,ModelScorer,1.0
nar,0.25,16,AUMScorer,0.8185198205463018
nar,0.2,5,ModelScorer,0.9285714285714286
ncar,0.4,12,ModelScorer,0.9285714285714284
nnar,0.4,11,ModelScorer,0.8571428571428571
nar,0.35,18,AUMScorer,0.8169537866919953
nar,0.2,0,RandomForestScorer,0.945358293801938
nnar,0.15,1,ModelScorer,1.0
ncar,0.4,1,AUMScorer,0.7162952054241915
nar,0.5,17,ModelScorer,0.7142857142857143
nnar,0.3,8,RandomForestScorer,0.9415599753290628
ncar,0.4,9,RandomForestScorer,0.9062265087588772
ncar,0.45,3,ModelScorer,0.7857142857142858
nar,0.3,8,ModelScorer,1.0
ncar,0.45,14,ModelScorer,0.8571428571428571
nnar,0.15,12,AUMScorer,0.7970601409338199
ncar,0.5,15,ModelScorer,0.9285714285714284
ncar,0.5,4,ModelScorer,0.857142857142857
ncar,0.15,16,RandomForestScorer,0.9472524820294262
nnar,0.25,12,AUMScorer,0.8021699502512685
ncar,0.5,10,RandomForestScorer,0.9049463851828276
nar,0.1,3,ModelScorer,1.0
nnar,0.3,13,AUMScorer,0.7811996797716204
ncar,0.2,3,AUMScorer,0.773247976074523
ncar,0.1,6,RandomForestScorer,0.9614952739849268
nnar,0.2,2,AUMScorer,0.8013904173058628
nnar,0.2,13,AUMScorer,0.7589338021997218
nnar,0.35,14,ModelScorer,0.8571428571428572
ncar,0.35,16,AUMScorer,0.7270540852898298
nnar,0.25,3,ModelScorer,0.9285714285714286
nar,0.4,18,ModelScorer,0.7857142857142857
nar,0.4,7,ModelScorer,0.9285714285714284
nnar,0.3,4,ModelScorer,0.8571428571428572
nar,0.45,8,ModelScorer,0.7142857142857142
ncar,0.05,6,RandomForestScorer,0.9713013509660188
nar,0.5,9,ModelScorer,0.7857142857142857
ncar,0.05,17,RandomForestScorer,0.9668038164576014
nar,0.05,15,AUMScorer,0.8378451219292863
nar,0.5,4,RandomForestScorer,0.8726886977254792
ncar,0.15,12,ModelScorer,0.9285714285714284
ncar,0.2,11,ModelScorer,0.9285714285714286
nnar,0.1,3,AUMScorer,0.838930649182003
ncar,0.25,12,ModelScorer,0.9285714285714286
ncar,0.15,7,RandomForestScorer,0.9534797013575336
ncar,0.45,1,RandomForestScorer,0.8796661803410575
nnar,0.25,17,RandomForestScorer,0.9421927705918534
nar,0.15,11,RandomForestScorer,0.9558104168429232
ncar,0.3,8,RandomForestScorer,0.94045086604955
ncar,0.3,19,RandomForestScorer,0.9433254648280834
nar,0.3,9,AUMScorer,0.8237405719966353
nar,0.35,10,AUMScorer,0.8159432005658649
nnar,0.4,3,ModelScorer,0.9285714285714286
nnar,0.4,14,ModelScorer,0.9285714285714284
nar,0.25,10,AUMScorer,0.8222352274426461
nar,0.1,15,AUMScorer,0.8651984081644533
nnar,0.45,4,ModelScorer,0.8571428571428571
nnar,0.45,15,ModelScorer,0.8571428571428571
nar,0.05,12,ModelScorer,0.9285714285714284
nnar,0.05,0,AUMScorer,0.9494337171690136
ncar,0.35,10,RandomForestScorer,0.9402059511771182
nnar,0.2,0,RandomForestScorer,0.9531030851457246
nnar,0.35,1,RandomForestScorer,0.931367288641776
nar,0.15,5,ModelScorer,0.8571428571428572
ncar,0.5,7,ModelScorer,0.7857142857142856
nar,0.2,11,RandomForestScorer,0.9459794433548756
nnar,0.1,17,RandomForestScorer,0.957756059948588
nnar,0.25,1,RandomForestScorer,0.9430658446280132
nar,0.4,5,RandomForestScorer,0.932001380573685
nnar,0.15,7,RandomForestScorer,0.9573029593027133
nar,0.1,6,ModelScorer,1.0
ncar,0.35,15,AUMScorer,0.74762431520741
nnar,0.3,5,AUMScorer,0.8016241095409186
nnar,0.3,16,AUMScorer,0.8120343476566777
nnar,0.5,6,ModelScorer,0.9285714285714286
nar,0.35,18,ModelScorer,0.7857142857142857
nnar,0.2,5,AUMScorer,0.809922567634719
nnar,0.35,6,AUMScorer,0.7384707360805236
nar,0.25,7,ModelScorer,0.8571428571428572
nar,0.25,18,ModelScorer,0.8571428571428572
nar,0.2,16,AUMScorer,0.8474761919763861
nar,0.35,13,RandomForestScorer,0.9328072655135896
nnar,0.1,11,AUMScorer,0.8474181710740285
ncar,0.15,2,AUMScorer,0.8028873361094166
ncar,0.15,13,AUMScorer,0.8070275331262509
nnar,0.05,8,ModelScorer,1.0
nar,0.3,3,RandomForestScorer,0.9366962255549092
nar,0.3,14,RandomForestScorer,0.9416670601811472
ncar,0.1,14,AUMScorer,0.8296319076521854
ncar,0.05,3,ModelScorer,0.9285714285714284
nar,0.45,0,ModelScorer,1.0
nar,0.5,1,ModelScorer,0.8571428571428572
nnar,0.1,2,ModelScorer,0.9285714285714284
ncar,0.4,3,ModelScorer,0.9285714285714286
ncar,0.2,3,ModelScorer,0.8571428571428572
nnar,0.2,13,ModelScorer,0.9285714285714286
nnar,0.45,16,AUMScorer,0.7509386758188147
nnar,0.5,13,RandomForestScorer,0.9372580445599232
ncar,0.25,4,ModelScorer,1.0
nnar,0.25,14,ModelScorer,0.9285714285714286
nnar,0.2,2,ModelScorer,0.8571428571428572
nnar,0.4,6,AUMScorer,0.776516885738149
ncar,0.05,14,AUMScorer,0.8389862872614986
ncar,0.25,10,RandomForestScorer,0.9408370159714986
nar,0.15,14,RandomForestScorer,0.9564925243361698
nar,0.35,9,ModelScorer,0.8571428571428571
ncar,0.3,0,RandomForestScorer,0.941480252182068
nar,0.3,1,AUMScorer,0.7753507721922106
ncar,0.3,11,RandomForestScorer,0.9270109649388134
ncar,0.2,0,RandomForestScorer,0.9398428368705284
nar,0.35,2,AUMScorer,0.7614203194367708
nnar,0.5,7,AUMScorer,0.7528350890691288
ncar,0.1,17,RandomForestScorer,0.9553029707706672
nar,0.1,7,AUMScorer,0.8255713181479817
nar,0.1,18,AUMScorer,0.8538519699194063
ncar,0.25,15,AUMScorer,0.7705342222835577
ncar,0.15,18,RandomForestScorer,0.9492770819553558
ncar,0.35,7,ModelScorer,0.7857142857142857
nar,0.05,15,ModelScorer,1.0
nar,0.15,19,AUMScorer,0.8338235969105189
ncar,0.3,5,AUMScorer,0.7976617703928043
ncar,0.3,16,AUMScorer,0.7770186784065349
nar,0.25,19,AUMScorer,0.8132989671598235
ncar,0.35,2,RandomForestScorer,0.9291151882282384
nar,0.15,8,AUMScorer,0.8521031947377082
nar,0.05,4,ModelScorer,1.0
nnar,0.25,0,ModelScorer,0.9285714285714286
nnar,0.1,3,ModelScorer,1.0
nar,0.2,3,RandomForestScorer,0.950016591767287
nar,0.45,19,ModelScorer,0.6428571428571428
nnar,0.15,10,RandomForestScorer,0.9537160212138016
nar,0.5,2,AUMScorer,0.7279825799307503
nar,0.25,10,ModelScorer,0.9285714285714286
nar,0.1,15,ModelScorer,0.9285714285714284
nar,0.35,16,RandomForestScorer,0.9415563667194936
nnar,0.1,14,AUMScorer,0.8453665054675125
ncar,0.45,6,ModelScorer,0.8571428571428572
nar,0.35,5,RandomForestScorer,0.9380522244549032
nnar,0.15,4,AUMScorer,0.8253765084926495
nnar,0.05,0,ModelScorer,0.9285714285714284
nar,0.25,5,RandomForestScorer,0.933989895090088
nnar,0.05,11,ModelScorer,1.0
nnar,0.15,15,AUMScorer,0.8251667049492827
ncar,0.45,17,ModelScorer,0.8571428571428572
nar,0.15,16,ModelScorer,1.0
ncar,0.5,13,RandomForestScorer,0.917764912612446
nar,0.3,6,RandomForestScorer,0.947040097265781
ncar,0.2,6,AUMScorer,0.7586396049851956
ncar,0.35,15,ModelScorer,0.9285714285714284
nnar,0.2,5,ModelScorer,0.9285714285714286
nar,0.4,0,AUMScorer,0.7297988242517903
ncar,0.35,8,AUMScorer,0.7538243465186003
nnar,0.25,6,ModelScorer,0.8571428571428572
nar,0.2,16,ModelScorer,0.9285714285714286
nnar,0.35,12,RandomForestScorer,0.929974789362077
nnar,0.4,9,AUMScorer,0.7869470677634289
nar,0.4,10,ModelScorer,0.9285714285714286
nar,0.4,16,RandomForestScorer,0.9360978738282963
nnar,0.3,2,RandomForestScorer,0.93577171617444
nar,0.45,6,RandomForestScorer,0.9287056891422382
ncar,0.1,3,ModelScorer,0.8571428571428571
ncar,0.1,14,ModelScorer,0.9285714285714284
nnar,0.5,10,AUMScorer,0.7116573115240297
nar,0.5,7,RandomForestScorer,0.908507284304698
ncar,0.15,4,ModelScorer,1.0
ncar,0.1,9,RandomForestScorer,0.9553697319943928
ncar,0.15,10,RandomForestScorer,0.9454999948550902
nar,0.15,0,AUMScorer,0.8127971922590113
ncar,0.2,9,RandomForestScorer,0.9504125963741132
nar,0.3,19,ModelScorer,0.8571428571428571
nar,0.45,11,AUMScorer,0.7877023020054459
nar,0.3,12,AUMScorer,0.7551173153246784
ncar,0.05,14,ModelScorer,1.0
nnar,0.4,6,ModelScorer,0.9285714285714284
nnar,0.4,17,ModelScorer,0.9285714285714284
nnar,0.45,7,ModelScorer,0.7857142857142857
nnar,0.4,12,RandomForestScorer,0.9372842662240845
nnar,0.45,13,RandomForestScorer,0.9378604456231264
nar,0.35,2,ModelScorer,1.0
nnar,0.5,18,ModelScorer,0.8571428571428572
ncar,0.35,13,RandomForestScorer,0.9390740013766348
ncar,0.4,4,RandomForestScorer,0.9175659167896087
nar,0.2,0,AUMScorer,0.8041458546888706
ncar,0.45,9,ModelScorer,0.7857142857142858
nnar,0.2,3,RandomForestScorer,0.9504776741684016
nar,0.15,8,ModelScorer,0.9285714285714286
ncar,0.4,7,AUMScorer,0.6926425425978826
ncar,0.25,15,ModelScorer,1.0
nar,0.2,14,RandomForestScorer,0.949985160404608
nnar,0.3,15,ModelScorer,0.8571428571428571
ncar,0.3,5,ModelScorer,1.0
nnar,0.25,7,AUMScorer,0.7712968981015309
ncar,0.2,5,ModelScorer,0.9285714285714286
nnar,0.25,18,AUMScorer,0.7655978387512982
ncar,0.45,4,RandomForestScorer,0.905539683713604
nnar,0.3,8,AUMScorer,0.7830774365362891
ncar,0.3,16,ModelScorer,0.8571428571428571
ncar,0.5,5,RandomForestScorer,0.92072851523837
nnar,0.2,8,AUMScorer,0.8185589313530184
ncar,0.35,18,ModelScorer,0.7142857142857142
nar,0.25,16,RandomForestScorer,0.9493142618721292
ncar,0.15,16,AUMScorer,0.7741143834943155
ncar,0.5,10,AUMScorer,0.648928745925031
ncar,0.35,11,AUMScorer,0.8064711691480595
nnar,0.05,17,RandomForestScorer,0.9700735199403446
nar,0.4,2,ModelScorer,0.8571428571428571
nar,0.2,8,ModelScorer,0.9285714285714286
nar,0.2,19,ModelScorer,1.0
nnar,0.15,4,ModelScorer,1.0
nnar,0.15,15,ModelScorer,0.9285714285714284
ncar,0.05,1,RandomForestScorer,0.9668545629259058
nar,0.45,9,RandomForestScorer,0.902389514853278
nar,0.5,10,RandomForestScorer,0.9216152304245624
ncar,0.4,6,ModelScorer,0.7857142857142856
ncar,0.2,6,ModelScorer,0.9285714285714286
nnar,0.2,16,ModelScorer,0.8571428571428572
nnar,0.5,16,RandomForestScorer,0.9347471883899192
nar,0.4,13,AUMScorer,0.8321811392475246
ncar,0.2,1,RandomForestScorer,0.9529772947264988
nar,0.3,11,ModelScorer,0.8571428571428571
nar,0.1,5,RandomForestScorer,0.9586618547479416
ncar,0.25,2,RandomForestScorer,0.9428591599626824
nar,0.45,14,AUMScorer,0.7248354317964982
ncar,0.25,13,RandomForestScorer,0.94346363927768
ncar,0.5,18,ModelScorer,0.7857142857142858
nar,0.5,4,AUMScorer,0.806909198364359
ncar,0.3,3,RandomForestScorer,0.9209733741035636
nnar,0.4,9,ModelScorer,0.9285714285714284
ncar,0.15,7,AUMScorer,0.7692186934967953
nar,0.1,10,AUMScorer,0.8450641744479648
ncar,0.45,1,AUMScorer,0.6940172651842751
ncar,0.3,8,AUMScorer,0.7133387943951114
ncar,0.3,19,AUMScorer,0.7245707792595841
nnar,0.05,6,AUMScorer,0.923627771400039
nnar,0.45,5,RandomForestScorer,0.9312277775893134
ncar,0.5,2,AUMScorer,0.6857492823261906
nar,0.05,2,RandomForestScorer,0.9654615305053034
nar,0.05,13,RandomForestScorer,0.9679548828142156
nnar,0.1,1,RandomForestScorer,0.9566915232008943
nar,0.2,17,RandomForestScorer,0.9516885269625458
nnar,0.3,18,ModelScorer,0.7857142857142857
nar,0.45,11,ModelScorer,0.9285714285714284
nar,0.5,12,ModelScorer,0.7857142857142858
nar,0.3,12,ModelScorer,0.7857142857142857
ncar,0.35,10,AUMScorer,0.6768368738075007
nar,0.05,18,AUMScorer,0.830235088222014
nnar,0.3,0,AUMScorer,0.8006779307930787
ncar,0.15,15,ModelScorer,1.0
nar,0.25,2,ModelScorer,0.9285714285714286
nar,0.35,19,RandomForestScorer,0.9405981085287258
nar,0.4,5,AUMScorer,0.8134763970914589
nar,0.25,8,RandomForestScorer,0.9518946207937412
nnar,0.15,18,AUMScorer,0.8176334414541635
ncar,0.45,15,RandomForestScorer,0.9289116142176268
nar,0.3,9,RandomForestScorer,0.9442713759555758
nar,0.2,0,ModelScorer,0.9285714285714286
nar,0.35,13,AUMScorer,0.6779329031464427
nar,0.25,13,AUMScorer,0.8099304675806199
nnar,0.3,8,ModelScorer,0.9285714285714286
ncar,0.4,9,ModelScorer,0.9285714285714284
nnar,0.2,8,ModelScorer,1.0
nnar,0.5,8,RandomForestScorer,0.8628609095530695
ncar,0.05,9,AUMScorer,0.8685401513482827
nnar,0.35,15,RandomForestScorer,0.9351550001536828
ncar,0.15,16,ModelScorer,0.9285714285714284
ncar,0.5,10,ModelScorer,0.7857142857142856
nnar,0.25,15,RandomForestScorer,0.9365316250281872
nar,0.4,8,RandomForestScorer,0.9190548017740962
nar,0.4,19,RandomForestScorer,0.9352800774880866
nnar,0.3,19,AUMScorer,0.7897124422897603
nnar,0.5,2,AUMScorer,0.7343838098668094
nnar,0.5,13,AUMScorer,0.7524326958042546
nnar,0.35,9,AUMScorer,0.7771238530852591
nar,0.1,13,AUMScorer,0.8542879397145501
nar,0.1,2,AUMScorer,0.8553564929811296
ncar,0.25,10,AUMScorer,0.7774805193243945
ncar,0.15,2,RandomForestScorer,0.9491999739065462
nar,0.15,3,AUMScorer,0.8438288112562817
nar,0.15,14,AUMScorer,0.8007364966704527
ncar,0.15,13,RandomForestScorer,0.9524158558093544
ncar,0.3,11,AUMScorer,0.7523998132033456
ncar,0.1,17,AUMScorer,0.8382763603886013
nnar,0.05,15,AUMScorer,0.8798993320224193
ncar,0.05,17,ModelScorer,0.9285714285714284
nnar,0.1,4,RandomForestScorer,0.9550831125323496
nar,0.45,14,ModelScorer,0.9285714285714286
nnar,0.35,0,ModelScorer,1.0
nnar,0.4,15,RandomForestScorer,0.9345746310221238
nar,0.5,4,ModelScorer,0.9285714285714286
nar,0.5,15,ModelScorer,0.8571428571428571
nnar,0.15,5,RandomForestScorer,0.9486953340734496
nnar,0.25,5,RandomForestScorer,0.9522551650299218
ncar,0.15,7,ModelScorer,1.0
nar,0.35,0,RandomForestScorer,0.9341106937836096
nar,0.2,3,AUMScorer,0.836551480139216
ncar,0.25,18,ModelScorer,0.9285714285714286
ncar,0.4,10,AUMScorer,0.7642903178072584
nnar,0.1,9,AUMScorer,0.8627676749081594
ncar,0.5,2,ModelScorer,0.9999999999999998
ncar,0.3,8,ModelScorer,0.9285714285714286
ncar,0.45,7,RandomForestScorer,0.913085408530981
ncar,0.3,19,ModelScorer,0.9285714285714286
nar,0.15,17,RandomForestScorer,0.953942782359352
ncar,0.5,8,RandomForestScorer,0.897755691372294
nnar,0.5,7,RandomForestScorer,0.8849826964144627
nar,0.35,5,AUMScorer,0.8076807915599241
nar,0.35,16,AUMScorer,0.7948754599380305
nar,0.1,7,RandomForestScorer,0.956592408483272
nar,0.25,5,AUMScorer,0.825629351427208
nnar,0.45,10,ModelScorer,0.9285714285714284
nnar,0.25,1,ModelScorer,1.0
nnar,0.35,7,RandomForestScorer,0.940107121767032
nnar,0.15,18,ModelScorer,0.9285714285714284
nar,0.4,0,RandomForestScorer,0.9301662657484076
nar,0.4,11,RandomForestScorer,0.9335752512972344
nar,0.45,12,RandomForestScorer,0.9192949871491662
nnar,0.15,13,RandomForestScorer,0.9469050633267994
nar,0.45,1,RandomForestScorer,0.9290534421003038
nnar,0.5,5,AUMScorer,0.7504904469047788
nnar,0.3,11,AUMScorer,0.7346135305897125
nnar,0.2,14,RandomForestScorer,0.9528306466471383
nar,0.1,8,RandomForestScorer,0.9554730177245884
nar,0.3,3,ModelScorer,0.9285714285714286
nar,0.45,17,AUMScorer,0.7309708386728281
nnar,0.05,14,ModelScorer,1.0
nar,0.25,6,AUMScorer,0.8374887200438009
ncar,0.1,9,AUMScorer,0.8477851932149453
nnar,0.4,1,ModelScorer,0.8571428571428571
ncar,0.15,10,AUMScorer,0.825794579989246
ncar,0.2,9,AUMScorer,0.8031948955251911
nnar,0.45,19,RandomForestScorer,0.9268964689489788
nnar,0.5,13,ModelScorer,0.7857142857142858
ncar,0.35,8,RandomForestScorer,0.9199011649306452
nar,0.05,5,RandomForestScorer,0.9690116737699104
nnar,0.2,19,ModelScorer,0.9285714285714286
ncar,0.25,10,ModelScorer,0.7857142857142857
nnar,0.25,9,ModelScorer,0.7142857142857143
nnar,0.4,12,AUMScorer,0.7748429765709833
ncar,0.3,11,ModelScorer,0.9285714285714286
nnar,0.3,10,ModelScorer,0.9285714285714286
nnar,0.45,2,AUMScorer,0.7965828439559633
nar,0.15,9,RandomForestScorer,0.9489305204928556
nnar,0.25,2,AUMScorer,0.7747617949867976
nnar,0.45,13,AUMScorer,0.7273662648131038
ncar,0.2,0,ModelScorer,1.0
nnar,0.5,10,RandomForestScorer,0.9302784290327204
ncar,0.1,17,ModelScorer,0.9285714285714284
nnar,0.2,3,AUMScorer,0.8298358588564642
nar,0.3,10,RandomForestScorer,0.938374443590015
nar,0.35,11,RandomForestScorer,0.9420416850266008
ncar,0.45,4,AUMScorer,0.7041609552800815
nar,0.25,0,RandomForestScorer,0.9401147296917338
ncar,0.5,5,AUMScorer,0.5771544539619367
ncar,0.45,18,RandomForestScorer,0.8303587100747508
nnar,0.05,1,RandomForestScorer,0.9715190598960696
nar,0.3,15,AUMScorer,0.8091664399352296
nar,0.2,3,ModelScorer,1.0
nnar,0.05,17,AUMScorer,0.9148230088446224
ncar,0.4,1,ModelScorer,0.9285714285714286
nnar,0.3,6,RandomForestScorer,0.9394781218577414
nar,0.25,5,ModelScorer,0.9285714285714286
nnar,0.3,17,RandomForestScorer,0.9388257667892164
ncar,0.4,7,RandomForestScorer,0.9141224270685888
ncar,0.05,12,AUMScorer,0.8899620378312624
nnar,0.2,17,RandomForestScorer,0.9498196421296852
ncar,0.2,7,RandomForestScorer,0.9522228834893344
nar,0.45,9,AUMScorer,0.7147665540676156
ncar,0.5,13,ModelScorer,0.8571428571428571
nar,0.15,1,RandomForestScorer,0.9464508848581412
nnar,0.25,7,RandomForestScorer,0.9451170663866186
nnar,0.35,18,RandomForestScorer,0.9349236690966496
nar,0.5,10,AUMScorer,0.7254885495462413
ncar,0.05,1,AUMScorer,0.8816713249070529
nar,0.1,0,RandomForestScorer,0.9608231337183476
nnar,0.5,16,AUMScorer,0.7373453231665047
ncar,0.2,12,AUMScorer,0.7717616378253511
nnar,0.2,11,AUMScorer,0.800546309554846
nar,0.1,16,AUMScorer,0.8532322930078372
nar,0.1,5,AUMScorer,0.8430393442854125
ncar,0.25,2,AUMScorer,0.7803463303091696
ncar,0.25,13,AUMScorer,0.7893709135280059
nar,0.15,6,AUMScorer,0.8204429102840959
ncar,0.3,3,AUMScorer,0.7727348371219616
ncar,0.3,14,AUMScorer,0.7692551805891104
ncar,0.35,11,RandomForestScorer,0.9223170902143892
nar,0.05,8,RandomForestScorer,0.971049292566121
nar,0.2,1,RandomForestScorer,0.9482786212881474
nar,0.45,17,ModelScorer,0.8571428571428571
nnar,0.1,7,RandomForestScorer,0.9575986038768332
ncar,0.4,8,RandomForestScorer,0.938106732930554
nnar,0.4,18,RandomForestScorer,0.9059865422846156
nnar,0.3,2,ModelScorer,0.9285714285714286
nnar,0.45,5,AUMScorer,0.7289680286815647
nar,0.05,2,AUMScorer,0.8880979295274691
ncar,0.35,5,AUMScorer,0.7542669063143016
nar,0.05,13,AUMScorer,0.8568057684576865
ncar,0.1,9,ModelScorer,1.0
nar,0.5,13,RandomForestScorer,0.9253832225932324
ncar,0.15,10,ModelScorer,0.8571428571428571
ncar,0.2,9,ModelScorer,0.9285714285714286
nar,0.35,3,RandomForestScorer,0.9491478292117684
nar,0.35,14,RandomForestScorer,0.9441561537080538
nnar,0.1,1,AUMScorer,0.8464150178883886
nnar,0.5,19,RandomForestScorer,0.9222957749859132
ncar,0.4,13,AUMScorer,0.7203070984520371
nar,0.2,6,AUMScorer,0.8343935067002605
nnar,0.1,12,AUMScorer,0.8548938071433139
ncar,0.25,16,RandomForestScorer,0.9485227148362672
nnar,0.15,2,AUMScorer,0.8137451456190931
nar,0.1,19,RandomForestScorer,0.9553159847535146
nar,0.25,3,RandomForestScorer,0.9506330830576688
nnar,0.05,4,RandomForestScorer,0.9698543824526632
ncar,0.5,11,RandomForestScorer,0.8984708198213373
nar,0.3,7,AUMScorer,0.7895475744411484
nar,0.35,8,AUMScorer,0.8109437270860393
nar,0.35,19,AUMScorer,0.8268898840703501
nar,0.25,8,AUMScorer,0.7808558365210984
nnar,0.45,2,ModelScorer,0.9285714285714284
nnar,0.45,13,ModelScorer,0.7857142857142857
ncar,0.45,15,AUMScorer,0.6952913005453106
nnar,0.05,9,AUMScorer,0.9101799485863784
ncar,0.4,4,ModelScorer,0.7857142857142856
ncar,0.5,16,AUMScorer,0.7124866921337863
ncar,0.05,4,AUMScorer,0.8320520731931199
ncar,0.5,5,ModelScorer,0.7857142857142856
nnar,0.1,15,RandomForestScorer,0.9590163390000208
nnar,0.5,15,ModelScorer,0.7857142857142857
nar,0.4,3,RandomForestScorer,0.9359261583520224
nar,0.4,14,RandomForestScorer,0.9351771474879615
nnar,0.15,16,RandomForestScorer,0.9544821532761494
nar,0.45,4,RandomForestScorer,0.925393226980264
nnar,0.5,8,AUMScorer,0.6974822823369663
ncar,0.1,18,RandomForestScorer,0.957732201816238
nnar,0.35,15,AUMScorer,0.8316485184919933
nnar,0.25,4,AUMScorer,0.7729482024536964
nnar,0.25,15,AUMScorer,0.8207048082303148
nar,0.4,8,AUMScorer,0.819232157302052
nar,0.4,19,AUMScorer,0.7962888112323189
nnar,0.05,17,ModelScorer,1.0
ncar,0.1,1,AUMScorer,0.8110482504768184
ncar,0.1,12,AUMScorer,0.8401484352295705
ncar,0.05,1,ModelScorer,0.9285714285714284
ncar,0.05,12,ModelScorer,1.0
ncar,0.05,18,RandomForestScorer,0.964306555132832
nnar,0.4,10,RandomForestScorer,0.9216574457985992
nar,0.5,10,ModelScorer,0.7142857142857142
nnar,0.45,0,RandomForestScorer,0.9187129846092548
nnar,0.45,11,RandomForestScorer,0.9354293287518898
nnar,0.5,16,ModelScorer,0.7857142857142857
nnar,0.2,11,ModelScorer,1.0
nar,0.1,16,ModelScorer,1.0
nnar,0.1,4,AUMScorer,0.8348223814572855
ncar,0.25,2,ModelScorer,0.8571428571428572
nnar,0.25,12,ModelScorer,1.0
ncar,0.25,13,ModelScorer,1.0
nnar,0.15,5,AUMScorer,0.7899899687631056
ncar,0.3,14,ModelScorer,0.9285714285714286
nnar,0.4,15,AUMScorer,0.7496273691241878
ncar,0.4,16,AUMScorer,0.7413520594644462
ncar,0.3,3,ModelScorer,0.9285714285714284
nar,0.15,12,RandomForestScorer,0.9583691234468896
nnar,0.25,5,AUMScorer,0.8029852273276064
ncar,0.3,9,RandomForestScorer,0.93465618551095
nnar,0.3,19,RandomForestScorer,0.9380098386095452
nnar,0.5,2,RandomForestScorer,0.9319245227859774
ncar,0.45,2,RandomForestScorer,0.9068895042467155
nar,0.35,0,AUMScorer,0.8293421645728685
nar,0.1,2,RandomForestScorer,0.9531626544870104
nnar,0.4,4,ModelScorer,0.9285714285714284
ncar,0.45,7,AUMScorer,0.6952806838789446
ncar,0.35,5,ModelScorer,0.9285714285714286
nar,0.15,17,AUMScorer,0.8442769994150067
ncar,0.5,8,AUMScorer,0.6964383915626541
ncar,0.5,19,AUMScorer,0.7378976983726857
nnar,0.05,15,RandomForestScorer,0.974176114456944
nar,0.2,17,ModelScorer,0.7857142857142858
nar,0.2,6,ModelScorer,0.9285714285714286
nnar,0.1,12,ModelScorer,0.9285714285714284
nnar,0.15,2,ModelScorer,0.8571428571428571
nar,0.4,6,RandomForestScorer,0.937303361286773
nar,0.45,7,RandomForestScorer,0.8842116119024352
nnar,0.15,19,RandomForestScorer,0.952814043455277
nar,0.35,8,ModelScorer,0.8571428571428571
nnar,0.35,7,AUMScorer,0.7742357738436841
nar,0.5,11,AUMScorer,0.7918543144124274
ncar,0.15,0,RandomForestScorer,0.9551159639838188
nar,0.4,11,AUMScorer,0.7895634293901962
ncar,0.05,15,AUMScorer,0.8788817622155422
ncar,0.4,10,RandomForestScorer,0.9221715036051984
ncar,0.2,10,RandomForestScorer,0.9526188046622872
nar,0.45,1,AUMScorer,0.7282467974697352
ncar,0.5,16,ModelScorer,0.7142857142857142
nar,0.3,9,ModelScorer,0.8571428571428571
ncar,0.25,0,RandomForestScorer,0.9449432829238548
nar,0.45,12,AUMScorer,0.7293241104627266
nnar,0.15,13,AUMScorer,0.812981077480418
nnar,0.2,9,RandomForestScorer,0.94927652241143
ncar,0.05,4,ModelScorer,0.9285714285714284
ncar,0.2,4,AUMScorer,0.8026985371342966
ncar,0.2,15,AUMScorer,0.8155177505572131
nnar,0.2,14,AUMScorer,0.7727079465369396
nar,0.1,8,AUMScorer,0.8341735179649686
ncar,0.25,5,AUMScorer,0.7675370693537028
nnar,0.45,3,RandomForestScorer,0.9378020232271952
ncar,0.35,3,RandomForestScorer,0.9405444309009492
nnar,0.35,15,ModelScorer,0.9285714285714286
nnar,0.35,4,ModelScorer,0.8571428571428571
nnar,0.25,15,ModelScorer,0.8571428571428572
nar,0.4,8,ModelScorer,0.8571428571428571
nnar,0.4,7,AUMScorer,0.7371546605100374
ncar,0.3,6,ModelScorer,0.8571428571428571
nnar,0.3,5,ModelScorer,0.8571428571428571
nnar,0.45,19,AUMScorer,0.7229788385125014
nnar,0.45,8,AUMScorer,0.7624461890859172
nnar,0.5,5,RandomForestScorer,0.9294003442959304
nnar,0.3,11,RandomForestScorer,0.9339810100153888
nar,0.05,5,AUMScorer,0.8895699831011221
ncar,0.1,1,ModelScorer,1.0
nar,0.05,16,AUMScorer,0.8720485464664499
ncar,0.1,12,ModelScorer,1.0
ncar,0.15,13,ModelScorer,0.8571428571428571
nar,0.3,16,RandomForestScorer,0.9439569043822208
ncar,0.15,2,ModelScorer,0.9285714285714284
nar,0.3,5,RandomForestScorer,0.9442331306900744
nar,0.35,6,RandomForestScorer,0.879617748368806
nar,0.2,9,AUMScorer,0.8282724159883317
nar,0.15,9,AUMScorer,0.8392376604337096
nar,0.25,6,RandomForestScorer,0.9166527163332618
ncar,0.25,19,RandomForestScorer,0.9402768232584792
nnar,0.05,7,RandomForestScorer,0.974875204368388
nnar,0.1,4,ModelScorer,0.9285714285714284
nar,0.35,11,AUMScorer,0.7842943529821118
nnar,0.15,5,ModelScorer,0.8571428571428571
nnar,0.5,3,RandomForestScorer,0.9122288047612968
nnar,0.3,9,RandomForestScorer,0.9397159482132018
nnar,0.15,14,ModelScorer,0.8571428571428571
nnar,0.1,15,ModelScorer,1.0
ncar,0.4,10,ModelScorer,0.8571428571428571
ncar,0.15,0,ModelScorer,0.9285714285714286
nar,0.25,6,ModelScorer,0.8571428571428572
nar,0.5,1,RandomForestScorer,0.9284929089296433
nnar,0.4,8,ModelScorer,0.8571428571428571
ncar,0.2,3,RandomForestScorer,0.9464015745502571
nnar,0.05,15,ModelScorer,1.0
ncar,0.1,11,AUMScorer,0.8472453329265888
ncar,0.15,1,AUMScorer,0.8092399745649651
nnar,0.4,18,AUMScorer,0.8042007356843643
nar,0.2,17,AUMScorer,0.7673880119375392
nnar,0.25,16,ModelScorer,0.8571428571428572
nnar,0.5,11,RandomForestScorer,0.926654310712399
nnar,0.3,17,ModelScorer,0.9285714285714286
nnar,0.5,0,ModelScorer,0.8571428571428571
nnar,0.3,6,ModelScorer,0.7142857142857143
ncar,0.4,4,AUMScorer,0.696256665523754
nar,0.4,17,ModelScorer,0.7857142857142857
nnar,0.45,12,RandomForestScorer,0.9447040593466324
ncar,0.15,19,ModelScorer,0.9285714285714285
nar,0.25,9,RandomForestScorer,0.9366111771440966
nnar,0.35,19,ModelScorer,0.8571428571428572
nnar,0.05,18,RandomForestScorer,0.9744319405926436
nnar,0.15,6,ModelScorer,0.9285714285714285
nnar,0.4,16,ModelScorer,0.8571428571428571
nar,0.4,18,AUMScorer,0.7533329199248614
nnar,0.1,7,ModelScorer,1.0
nnar,0.25,19,RandomForestScorer,0.9388163666773953
nnar,0.25,8,RandomForestScorer,0.9453585491499441
nnar,0.5,19,ModelScorer,0.9285714285714286
ncar,0.1,10,ModelScorer,0.9285714285714285
nnar,0.4,0,ModelScorer,0.9285714285714285
ncar,0.2,6,RandomForestScorer,0.9504176562261571
ncar,0.35,6,ModelScorer,0.8571428571428571
ncar,0.15,4,AUMScorer,0.7915931168819869
nnar,0.35,11,RandomForestScorer,0.9351764861812042
nar,0.2,18,RandomForestScorer,0.9573224044293975
nnar,0.3,9,ModelScorer,0.9285714285714286
nnar,0.5,3,ModelScorer,0.8571428571428572
nar,0.4,9,ModelScorer,0.9285714285714285
nnar,0.15,0,RandomForestScorer,0.9572069074753062
ncar,0.35,7,AUMScorer,0.7254153091338591
nnar,0.45,12,AUMScorer,0.6815132080294619
ncar,0.5,6,ModelScorer,0.6428571428571429
nar,0.3,18,ModelScorer,0.7857142857142857
nnar,0.05,10,RandomForestScorer,0.9708653057668115
nnar,0.4,19,ModelScorer,0.9285714285714285
nar,0.05,3,ModelScorer,1.0
nar,0.05,14,ModelScorer,0.8571428571428571
nnar,0.3,1,RandomForestScorer,0.9415378704564847
nnar,0.3,12,RandomForestScorer,0.9442466404586736
nnar,0.1,16,ModelScorer,0.9285714285714285
nnar,0.15,17,ModelScorer,1.0
nnar,0.2,1,RandomForestScorer,0.940341777612738
nnar,0.25,2,RandomForestScorer,0.9443915132990807
ncar,0.1,13,ModelScorer,1.0
nnar,0.2,9,AUMScorer,0.8202997873234816
ncar,0.15,3,ModelScorer,0.9285714285714285
nar,0.45,18,ModelScorer,0.9285714285714285
nnar,0.35,3,RandomForestScorer,0.9193300117518397
ncar,0.4,6,AUMScorer,0.7060800739626499
nnar,0.35,14,RandomForestScorer,0.9354804312471995
nar,0.25,9,ModelScorer,0.7142857142857142
nar,0.2,10,RandomForestScorer,0.9476549359060247
nnar,0.05,18,ModelScorer,1.0
nnar,0.35,13,AUMScorer,0.7829983443837691
nnar,0.4,13,RandomForestScorer,0.937703443432903
ncar,0.05,15,ModelScorer,1.0
nnar,0.15,8,ModelScorer,0.9285714285714285
nnar,0.2,18,ModelScorer,0.9285714285714286
nnar,0.25,8,ModelScorer,0.9285714285714286
nnar,0.25,19,ModelScorer,0.8571428571428572
nnar,0.45,4,RandomForestScorer,0.9196424862791384
nar,0.35,0,ModelScorer,0.9285714285714285
nar,0.1,11,RandomForestScorer,0.9618804036394607
nar,0.25,17,ModelScorer,0.7142857142857142
nnar,0.05,12,AUMScorer,0.8841404361956635
nnar,0.05,1,AUMScorer,0.9360373118352332
nar,0.05,6,ModelScorer,1.0
nnar,0.15,9,ModelScorer,1.0
nnar,0.1,10,RandomForestScorer,0.9598830848984174
nnar,0.15,11,RandomForestScorer,0.9540971606630164
nar,0.45,10,ModelScorer,0.9285714285714286
nnar,0.25,13,AUMScorer,0.7960358845967584
nar,0.4,11,ModelScorer,0.7857142857142857
nnar,0.2,12,RandomForestScorer,0.9487334776113756
nar,0.15,18,ModelScorer,0.9285714285714286
ncar,0.45,7,ModelScorer,0.8571428571428572
ncar,0.45,18,ModelScorer,1.0
ncar,0.5,19,ModelScorer,0.857142857142857
ncar,0.5,8,ModelScorer,0.7857142857142856
nar,0.1,8,ModelScorer,0.9285714285714285
nar,0.25,0,AUMScorer,0.8375650689936802
nnar,0.4,5,RandomForestScorer,0.9367084419653839
nnar,0.2,10,ModelScorer,0.9285714285714286
nar,0.2,12,AUMScorer,0.8546220302369799
nnar,0.4,13,AUMScorer,0.7817771500710103
nar,0.2,1,AUMScorer,0.8303810079343815
nnar,0.25,11,ModelScorer,0.9285714285714286
nnar,0.5,6,RandomForestScorer,0.9181169029579449
nnar,0.3,1,ModelScorer,0.7857142857142857
nnar,0.3,12,ModelScorer,0.9285714285714286
nar,0.4,1,ModelScorer,0.8571428571428571
nar,0.45,2,ModelScorer,0.9285714285714286
nnar,0.1,18,ModelScorer,1.0
ncar,0.15,14,ModelScorer,0.9285714285714285
nnar,0.45,4,AUMScorer,0.7496510986615699
nnar,0.45,15,AUMScorer,0.7726244229930868
ncar,0.1,4,ModelScorer,0.9285714285714285
ncar,0.1,15,ModelScorer,0.9285714285714285
ncar,0.25,16,ModelScorer,0.8571428571428572
nnar,0.05,2,RandomForestScorer,0.9659321650100207
nar,0.3,10,ModelScorer,1.0
nnar,0.05,13,RandomForestScorer,0.967465769636329
nar,0.35,11,ModelScorer,0.9285714285714286
nnar,0.15,3,RandomForestScorer,0.947869057006816
nnar,0.25,14,RandomForestScorer,0.9265093965213694
nnar,0.3,4,RandomForestScorer,0.933073193487939
nnar,0.2,4,RandomForestScorer,0.9489767987962742
nnar,0.2,15,RandomForestScorer,0.9376326147356493
nnar,0.2,12,AUMScorer,0.8276758230483734
ncar,0.5,0,ModelScorer,0.7857142857142856
ncar,0.3,17,ModelScorer,0.8571428571428572
nar,0.1,0,ModelScorer,1.0
nar,0.1,11,ModelScorer,0.8571428571428571
nar,0.3,13,RandomForestScorer,0.9389325190664217
nar,0.2,13,RandomForestScorer,0.9466013539699071
ncar,0.05,7,ModelScorer,1.0
nnar,0.1,10,ModelScorer,0.9285714285714285
nnar,0.45,7,AUMScorer,0.6846472657443464
nar,0.45,4,AUMScorer,0.7240073883455768
ncar,0.25,8,ModelScorer,0.9285714285714286
nar,0.3,2,ModelScorer,0.8571428571428572
nnar,0.05,5,RandomForestScorer,0.9738925643201152
ncar,0.5,14,RandomForestScorer,0.7932532755676441
nar,0.1,3,RandomForestScorer,0.9535160580955873
nar,0.35,3,ModelScorer,0.8571428571428571
nar,0.35,14,ModelScorer,0.7857142857142857
nar,0.1,19,ModelScorer,0.9285714285714285
ncar,0.35,9,ModelScorer,0.9285714285714285
nar,0.5,6,AUMScorer,0.6740389250334672
nar,0.5,17,AUMScorer,0.7658492992048089
nnar,0.05,4,AUMScorer,0.9169188545583844
nnar,0.1,2,RandomForestScorer,0.9580568637608883
nnar,0.1,13,RandomForestScorer,0.9566339137030295
nar,0.4,12,ModelScorer,0.8571428571428571
nar,0.45,13,ModelScorer,0.7142857142857143
nar,0.2,5,RandomForestScorer,0.9480665595002775
nnar,0.05,2,ModelScorer,1.0
nnar,0.05,13,ModelScorer,0.9285714285714285
nnar,0.35,8,AUMScorer,0.7493063124017221
nnar,0.4,8,RandomForestScorer,0.913506209404189
nnar,0.15,3,ModelScorer,1.0
nar,0.05,17,ModelScorer,1.0
nnar,0.5,9,RandomForestScorer,0.8087007925545745
nnar,0.25,16,RandomForestScorer,0.9343002610545406
ncar,0.3,1,ModelScorer,0.9285714285714286
ncar,0.15,6,ModelScorer,0.9285714285714285
nar,0.4,17,RandomForestScorer,0.9262856386500234
ncar,0.35,1,ModelScorer,0.9285714285714285
nar,0.15,12,ModelScorer,0.9285714285714286
nar,0.25,12,ModelScorer,0.7857142857142857
nar,0.3,13,ModelScorer,0.9285714285714286
nnar,0.05,16,RandomForestScorer,0.9748779827318144
ncar,0.05,2,RandomForestScorer,0.9625184744569407
ncar,0.15,18,AUMScorer,0.8430779255009466
nnar,0.4,16,RandomForestScorer,0.9377246692449189
nar,0.45,5,ModelScorer,1.0
nar,0.05,11,AUMScorer,0.8933024977587422
nnar,0.15,6,RandomForestScorer,0.9485329683028297
nnar,0.45,16,ModelScorer,0.8571428571428571
ncar,0.4,2,RandomForestScorer,0.9157940080664393
nnar,0.2,7,RandomForestScorer,0.9423866879981337
ncar,0.25,3,RandomForestScorer,0.9313338382435127
nnar,0.1,15,AUMScorer,0.840918898909443
nar,0.15,2,ModelScorer,0.9285714285714285
ncar,0.45,2,ModelScorer,0.8571428571428571
nnar,0.05,5,ModelScorer,1.0
ncar,0.5,3,ModelScorer,0.9285714285714284
nnar,0.35,0,AUMScorer,0.76598722684373
nar,0.15,4,RandomForestScorer,0.9519855444990073
nnar,0.4,0,RandomForestScorer,0.887735727237809
nar,0.2,7,AUMScorer,0.7829644539099467
ncar,0.35,6,RandomForestScorer,0.9439412293391424
nnar,0.4,8,AUMScorer,0.7987769860435064
nar,0.05,9,ModelScorer,0.9285714285714285
nar,0.2,16,RandomForestScorer,0.9534607045065733
nnar,0.1,13,ModelScorer,1.0
nnar,0.25,16,AUMScorer,0.7978138743868035
nar,0.4,9,RandomForestScorer,0.9310811682512712
nnar,0.3,6,AUMScorer,0.7563121504290017
nnar,0.3,17,AUMScorer,0.7853188852583196
nnar,0.2,6,AUMScorer,0.8193303017645581
nar,0.25,4,ModelScorer,0.8571428571428572
ncar,0.45,16,RandomForestScorer,0.9144016390796779
nar,0.3,5,ModelScorer,0.8571428571428572
nar,0.3,16,ModelScorer,0.7857142857142857
ncar,0.45,14,AUMScorer,0.7240148784406989
nar,0.35,6,ModelScorer,0.9285714285714285
ncar,0.35,12,ModelScorer,0.8571428571428571
nnar,0.4,19,RandomForestScorer,0.9276238356975092
nar,0.5,9,AUMScorer,0.7286969031442163
ncar,0.35,14,RandomForestScorer,0.9281996207144473
nar,0.2,15,AUMScorer,0.8160404024649264
nar,0.05,3,RandomForestScorer,0.9641816945714867
nar,0.05,14,RandomForestScorer,0.969025124808955
nnar,0.1,16,RandomForestScorer,0.9586651500417863
nar,0.4,15,ModelScorer,0.8571428571428571
nnar,0.15,17,RandomForestScorer,0.9487700236637363
nar,0.45,16,ModelScorer,0.7857142857142856
ncar,0.1,2,RandomForestScorer,0.958687684339694
ncar,0.1,13,RandomForestScorer,0.9599407063619927
nnar,0.5,19,AUMScorer,0.7156573443795905
ncar,0.15,3,RandomForestScorer,0.9474149564043665
nar,0.2,8,RandomForestScorer,0.9518922833773387
nar,0.35,9,RandomForestScorer,0.9353741936044884
nnar,0.05,16,ModelScorer,1.0
nnar,0.1,5,ModelScorer,0.8571428571428571
nnar,0.5,3,AUMScorer,0.7496873053311038
nnar,0.3,9,AUMScorer,0.7740890408930903
nnar,0.2,18,RandomForestScorer,0.94258715438849
ncar,0.2,2,ModelScorer,0.7857142857142857
ncar,0.25,14,RandomForestScorer,0.9518002338290082
nnar,0.05,0,RandomForestScorer,0.9742764272941422
ncar,0.3,4,RandomForestScorer,0.9426722486519237
ncar,0.3,15,RandomForestScorer,0.938290381169134
nnar,0.35,18,ModelScorer,0.8571428571428571
nnar,0.15,16,AUMScorer,0.8309413303718926
nar,0.1,14,ModelScorer,1.0
nar,0.15,15,ModelScorer,0.9285714285714286
nar,0.5,1,AUMScorer,0.8327093056851709
nar,0.05,6,RandomForestScorer,0.9704724661296283
nnar,0.1,19,RandomForestScorer,0.9691751880074603
nnar,0.4,10,AUMScorer,0.7739961626007965
nnar,0.15,9,RandomForestScorer,0.9486939810237717
ncar,0.4,5,RandomForestScorer,0.9254732710419583
nar,0.45,10,RandomForestScorer,0.9230891070682488
ncar,0.2,5,RandomForestScorer,0.9546097428415553
nar,0.3,0,RandomForestScorer,0.9417875456341387
ncar,0.15,3,AUMScorer,0.787931390730582
ncar,0.45,16,ModelScorer,0.9285714285714286
nnar,0.05,19,RandomForestScorer,0.9680361731140203
ncar,0.25,11,ModelScorer,0.8571428571428572
ncar,0.45,5,ModelScorer,0.7857142857142857
ncar,0.3,12,ModelScorer,0.9285714285714286
nar,0.35,17,ModelScorer,0.7857142857142856
nar,0.25,1,RandomForestScorer,0.9266392264667469
nar,0.15,18,RandomForestScorer,0.9491729668294283
nnar,0.05,18,AUMScorer,0.9335601091598545
nnar,0.5,4,RandomForestScorer,0.9191536464274279
nnar,0.3,10,RandomForestScorer,0.9081818825801854
nnar,0.2,10,RandomForestScorer,0.9507396296501492
nnar,0.25,0,RandomForestScorer,0.941135182164093
nnar,0.25,11,RandomForestScorer,0.9463744389894834
nnar,0.35,10,ModelScorer,0.8571428571428571
nnar,0.25,19,AUMScorer,0.7769905253881807
nar,0.45,2,RandomForestScorer,0.9123776320026532
nar,0.15,7,ModelScorer,1.0
ncar,0.15,14,RandomForestScorer,0.9553734153777331
nar,0.3,19,RandomForestScorer,0.9403536231405107
nar,0.2,19,RandomForestScorer,0.9434381286776427
nnar,0.35,11,AUMScorer,0.7268316805778038
nnar,0.1,0,RandomForestScorer,0.9558288050664696
nar,0.25,17,AUMScorer,0.8036062835371381
nnar,0.15,1,RandomForestScorer,0.9495903327626638
nnar,0.4,11,RandomForestScorer,0.931697669336103
ncar,0.05,13,ModelScorer,0.9285714285714285
nar,0.05,15,RandomForestScorer,0.97344064153403
ncar,0.35,17,RandomForestScorer,0.9441220321012412
nar,0.2,18,AUMScorer,0.8232182264787892
nnar,0.15,0,AUMScorer,0.7669557987891904
ncar,0.45,8,ModelScorer,0.9285714285714286
ncar,0.25,14,ModelScorer,0.8571428571428572
ncar,0.5,9,RandomForestScorer,0.8996690715076643
ncar,0.3,15,ModelScorer,0.8571428571428572
ncar,0.3,4,ModelScorer,0.9285714285714286
ncar,0.1,5,RandomForestScorer,0.9559350295889916
ncar,0.45,18,AUMScorer,0.7186562236915687
nnar,0.05,10,AUMScorer,0.9290277388720414
ncar,0.05,5,RandomForestScorer,0.9673172777951033
ncar,0.05,16,RandomForestScorer,0.9642138932689267
nnar,0.1,8,ModelScorer,0.9285714285714285
nnar,0.25,11,AUMScorer,0.8124330562038138
nnar,0.45,14,RandomForestScorer,0.9270158551610963
nnar,0.3,1,AUMScorer,0.788879637777897
ncar,0.25,17,RandomForestScorer,0.9174447600860902
ncar,0.45,0,RandomForestScorer,0.9127888833116191
nar,0.45,2,AUMScorer,0.7495692689077516
nar,0.3,0,ModelScorer,0.9285714285714286
ncar,0.3,7,RandomForestScorer,0.9398180678474639
ncar,0.3,18,RandomForestScorer,0.93548880888729
nnar,0.15,19,AUMScorer,0.8268217697858087
nar,0.35,1,ModelScorer,0.9285714285714285
ncar,0.25,6,RandomForestScorer,0.9397688636614053
nar,0.35,12,RandomForestScorer,0.9354610436452855
nnar,0.35,14,AUMScorer,0.7669290292954617
nar,0.1,17,ModelScorer,1.0
nar,0.3,2,RandomForestScorer,0.9320822459713575
nnar,0.35,3,AUMScorer,0.7591705718063952
nar,0.2,10,AUMScorer,0.8235881092086612
ncar,0.35,9,RandomForestScorer,0.9340352142910715
nnar,0.5,4,ModelScorer,0.9285714285714286
nnar,0.1,11,RandomForestScorer,0.9565609738243421
nar,0.4,12,RandomForestScorer,0.9317463753074013
ncar,0.3,17,AUMScorer,0.7631683983633198
nar,0.5,13,ModelScorer,0.7142857142857142
nar,0.1,0,AUMScorer,0.8923990641216917
nar,0.1,11,AUMScorer,0.8105902854326361
ncar,0.05,8,RandomForestScorer,0.9706448128197805
nnar,0.45,6,RandomForestScorer,0.9309134925579639
nnar,0.3,13,RandomForestScorer,0.9354488766982477
nnar,0.2,2,RandomForestScorer,0.950192961325695
nar,0.05,8,AUMScorer,0.8518449938121431
ncar,0.05,7,AUMScorer,0.8325184278411969
nnar,0.1,10,AUMScorer,0.8495301600333621
nar,0.05,17,RandomForestScorer,0.9705140679367129
ncar,0.05,18,AUMScorer,0.8496361275515065
ncar,0.3,10,RandomForestScorer,0.9370008164896071
nnar,0.35,13,ModelScorer,1.0
nar,0.1,9,ModelScorer,0.9285714285714285
ncar,0.1,16,RandomForestScorer,0.9496253653948674
ncar,0.2,18,AUMScorer,0.7587519528971705
nar,0.15,10,ModelScorer,0.8571428571428571
ncar,0.15,6,RandomForestScorer,0.9557505478405323
ncar,0.15,17,RandomForestScorer,0.9529902999069588
ncar,0.25,8,AUMScorer,0.7835975899145289
nar,0.2,9,ModelScorer,1.0
ncar,0.2,7,AUMScorer,0.7562597500516454
nar,0.35,14,AUMScorer,0.7738595826388692
ncar,0.35,1,RandomForestScorer,0.9386708614274921
nar,0.25,3,AUMScorer,0.8223235213847873
nar,0.25,12,RandomForestScorer,0.9439350040749143
nnar,0.1,3,RandomForestScorer,0.9552831367329904
nnar,0.5,6,AUMScorer,0.705797750703163
ncar,0.4,11,RandomForestScorer,0.9125069831014759
nar,0.45,5,RandomForestScorer,0.9253798104496023
ncar,0.2,16,ModelScorer,0.8571428571428572
ncar,0.45,0,ModelScorer,0.9285714285714286
ncar,0.5,1,RandomForestScorer,0.8974380840487115
ncar,0.5,12,RandomForestScorer,0.9262478192165914
nar,0.1,1,RandomForestScorer,0.9590296619045509
nar,0.1,12,RandomForestScorer,0.9489763282153396
nar,0.35,12,ModelScorer,0.8571428571428571
nar,0.4,14,AUMScorer,0.7576335692922815
nar,0.15,13,RandomForestScorer,0.9566200981422714
ncar,0.45,10,AUMScorer,0.6961279843272387
nnar,0.05,13,AUMScorer,0.916095709524808
nnar,0.05,2,AUMScorer,0.915899286734851
nnar,0.3,5,RandomForestScorer,0.9398632416234419
nar,0.05,9,RandomForestScorer,0.9708145204606575
ncar,0.05,19,RandomForestScorer,0.9727268807767595
nnar,0.15,3,AUMScorer,0.820979299097105
nnar,0.35,5,ModelScorer,0.6428571428571428
nnar,0.25,3,AUMScorer,0.7876353083809406
nnar,0.25,14,AUMScorer,0.8014737795942584
nnar,0.3,4,AUMScorer,0.7565724436626157
nnar,0.3,15,AUMScorer,0.7616142970260666
nar,0.2,12,ModelScorer,0.9285714285714286
nar,0.2,1,ModelScorer,0.9285714285714286
ncar,0.25,0,AUMScorer,0.7851790164779623
ncar,0.2,19,RandomForestScorer,0.9476713829461723
ncar,0.25,9,RandomForestScorer,0.9419058557677125
nar,0.5,8,RandomForestScorer,0.921606884314925
ncar,0.3,1,AUMScorer,0.8093340074854026
ncar,0.45,19,ModelScorer,1.0
nar,0.35,15,RandomForestScorer,0.9368082415900432
nar,0.25,4,RandomForestScorer,0.9480207568663953
ncar,0.1,7,AUMScorer,0.8174581555390081
nar,0.25,15,RandomForestScorer,0.9415688295533451
nar,0.3,13,AUMScorer,0.7749256357411901
nar,0.2,13,AUMScorer,0.8597089243730093
ncar,0.35,12,RandomForestScorer,0.9300171860022275
nnar,0.5,18,RandomForestScorer,0.9099950975979975
nnar,0.5,7,ModelScorer,0.8571428571428571
ncar,0.4,11,AUMScorer,0.7167385517679955
ncar,0.5,4,RandomForestScorer,0.805092499265933
nar,0.1,4,RandomForestScorer,0.9607604066609096
nar,0.15,5,RandomForestScorer,0.9476562986311742
nar,0.45,7,AUMScorer,0.7987491767409806
nar,0.4,15,RandomForestScorer,0.9339141392416154
nnar,0.5,17,AUMScorer,0.702060067673012
nar,0.45,16,RandomForestScorer,0.9263487259752056
ncar,0.45,2,AUMScorer,0.6546638263077527
ncar,0.45,13,AUMScorer,0.6878821428773846
ncar,0.5,3,AUMScorer,0.7029576783481565
nar,0.5,16,ModelScorer,0.7142857142857143
nar,0.1,3,AUMScorer,0.8604862982833206
nar,0.05,1,RandomForestScorer,0.9676339128816435
ncar,0.05,0,RandomForestScorer,0.9736120684736989
ncar,0.05,11,RandomForestScorer,0.9679246886822258
nnar,0.1,14,RandomForestScorer,0.9630832967397276
nnar,0.15,4,RandomForestScorer,0.9457829691193306
nnar,0.3,7,AUMScorer,0.7911126757031031
nar,0.4,4,ModelScorer,0.7857142857142857
ncar,0.25,1,RandomForestScorer,0.9380786681396567
ncar,0.25,12,RandomForestScorer,0.9539597141653058
nnar,0.1,2,AUMScorer,0.8390111593559679
ncar,0.05,10,AUMScorer,0.8734014736829285
ncar,0.3,2,RandomForestScorer,0.9316196685521244
nar,0.35,7,RandomForestScorer,0.9441437633882048
nnar,0.1,13,AUMScorer,0.8495953070271874
nnar,0.35,16,ModelScorer,0.8571428571428572
nar,0.1,1,ModelScorer,1.0
ncar,0.15,0,AUMScorer,0.749688509359789
ncar,0.2,10,AUMScorer,0.7774290964189234
nar,0.25,15,AUMScorer,0.8379111457108934
nar,0.3,5,AUMScorer,0.8428642835888499
ncar,0.35,4,RandomForestScorer,0.9321684655436745
nnar,0.5,9,AUMScorer,0.7538209237747083
nnar,0.35,7,ModelScorer,0.9285714285714286
ncar,0.2,8,ModelScorer,0.8571428571428572
ncar,0.2,19,ModelScorer,0.9285714285714286
ncar,0.45,3,RandomForestScorer,0.9326517165414961
ncar,0.45,14,RandomForestScorer,0.8829062050924621
nar,0.45,16,AUMScorer,0.7972524684657586
ncar,0.25,9,ModelScorer,0.9285714285714286
ncar,0.5,15,RandomForestScorer,0.8546721747591272
nar,0.1,15,RandomForestScorer,0.95935250142926
nar,0.35,15,ModelScorer,0.9285714285714285
nar,0.4,17,AUMScorer,0.8111409133119329
ncar,0.15,19,AUMScorer,0.7518195420367554
nar,0.5,7,AUMScorer,0.8032179982682874
nar,0.5,18,AUMScorer,0.811754431289412
nnar,0.05,16,AUMScorer,0.8972844452453834
nnar,0.45,1,RandomForestScorer,0.923416724137418
nnar,0.45,17,ModelScorer,0.7857142857142856
ncar,0.05,2,AUMScorer,0.82900854099122
nar,0.05,12,RandomForestScorer,0.9723354235691657
nnar,0.15,6,AUMScorer,0.7948984417152082
nnar,0.35,8,ModelScorer,0.8571428571428571
nnar,0.25,17,AUMScorer,0.78609624099495
nar,0.1,4,ModelScorer,0.8571428571428571
ncar,0.1,0,RandomForestScorer,0.9552467099304166
ncar,0.1,11,RandomForestScorer,0.9626401173096837
ncar,0.2,2,AUMScorer,0.8020590989176295
ncar,0.15,1,RandomForestScorer,0.9453712574681785
ncar,0.15,12,RandomForestScorer,0.9508619125050034
ncar,0.25,3,AUMScorer,0.7833608864340154
nar,0.5,0,RandomForestScorer,0.9269630339994215
nar,0.35,18,RandomForestScorer,0.9368572384596654
nar,0.25,7,RandomForestScorer,0.9279122062142572
ncar,0.1,10,AUMScorer,0.8313468277180764
nar,0.15,4,AUMScorer,0.8424665679601171
nnar,0.4,0,AUMScorer,0.7999654477367354
ncar,0.05,0,ModelScorer,0.9285714285714285
ncar,0.05,11,ModelScorer,1.0
nnar,0.45,0,AUMScorer,0.7787631914960738
ncar,0.25,1,ModelScorer,0.9285714285714286
ncar,0.3,13,RandomForestScorer,0.9379465883161747
ncar,0.5,7,RandomForestScorer,0.9202164230071085
ncar,0.3,2,ModelScorer,0.8571428571428571
nar,0.4,18,RandomForestScorer,0.9401741198095774
ncar,0.45,5,AUMScorer,0.6431598203123189
ncar,0.45,16,AUMScorer,0.6153278856192076
ncar,0.25,11,AUMScorer,0.7792831478416404
nnar,0.05,8,AUMScorer,0.9319717425253008
ncar,0.5,6,AUMScorer,0.6978586267260839
ncar,0.05,3,RandomForestScorer,0.9657224507643183
ncar,0.05,14,RandomForestScorer,0.9699775620859855
nnar,0.35,2,RandomForestScorer,0.9450835773557077
ncar,0.4,14,RandomForestScorer,0.936229925465457
nar,0.2,7,ModelScorer,0.9285714285714286
ncar,0.15,4,RandomForestScorer,0.9519046442302279
nnar,0.1,16,AUMScorer,0.8363936848353257
nar,0.5,3,RandomForestScorer,0.8966510654681097
ncar,0.3,5,RandomForestScorer,0.9414568481041397
nar,0.5,19,ModelScorer,0.7142857142857143
nar,0.25,10,RandomForestScorer,0.9417666456110814
ncar,0.1,2,AUMScorer,0.8164254617282184
nar,0.15,7,AUMScorer,0.7945541559110688
ncar,0.1,13,AUMScorer,0.8543915731678822
nar,0.45,18,AUMScorer,0.7565513917009539
nar,0.25,7,AUMScorer,0.769727226203841
nar,0.25,18,AUMScorer,0.8046937346117078
nnar,0.2,6,ModelScorer,0.8571428571428572
ncar,0.35,7,RandomForestScorer,0.921561570830119
nar,0.35,9,AUMScorer,0.842018075686243
nnar,0.45,1,ModelScorer,0.9285714285714285
nnar,0.3,19,ModelScorer,0.9285714285714286
ncar,0.05,13,AUMScorer,0.7982231761458057
nnar,0.3,18,AUMScorer,0.7804598796745843
ncar,0.25,14,AUMScorer,0.7532912666750545
ncar,0.45,8,AUMScorer,0.6645711028870508
ncar,0.45,17,RandomForestScorer,0.9110735665014684
ncar,0.3,4,AUMScorer,0.7689770943502825
ncar,0.3,15,AUMScorer,0.7419191111596609
nar,0.5,0,ModelScorer,0.7142857142857143
ncar,0.5,18,RandomForestScorer,0.8824358452444903
nar,0.5,11,RandomForestScorer,0.896693689030166
ncar,0.2,13,RandomForestScorer,0.9408409373421911
ncar,0.4,15,ModelScorer,0.7857142857142857
ncar,0.4,6,RandomForestScorer,0.9150165670778796
nnar,0.45,9,ModelScorer,0.857142857142857
nnar,0.5,10,ModelScorer,0.7857142857142857
nnar,0.1,19,AUMScorer,0.8394594560332671
ncar,0.4,14,AUMScorer,0.7189527164506275
nnar,0.15,9,AUMScorer,0.8423688043509947
nar,0.35,2,RandomForestScorer,0.9331387464362711
nar,0.15,17,ModelScorer,0.9285714285714286
ncar,0.3,13,ModelScorer,0.9285714285714286
nar,0.1,7,ModelScorer,1.0
ncar,0.1,14,RandomForestScorer,0.950671561504429
nnar,0.35,13,RandomForestScorer,0.9374623013028369
ncar,0.2,5,AUMScorer,0.7686129826622236
nar,0.15,8,RandomForestScorer,0.9501389240918553
nnar,0.05,19,AUMScorer,0.9202102911892361
ncar,0.5,17,AUMScorer,0.6495962699390943
nar,0.1,6,AUMScorer,0.8576494557543187
nnar,0.15,16,ModelScorer,0.8571428571428571
nnar,0.45,3,AUMScorer,0.7314062859854554
nar,0.4,2,RandomForestScorer,0.9096056401860084
nnar,0.5,4,AUMScorer,0.7177629185541314
nar,0.45,3,RandomForestScorer,0.9039712928129282
nnar,0.35,2,ModelScorer,0.9285714285714286
nnar,0.2,10,AUMScorer,0.8144939587639131
ncar,0.2,14,ModelScorer,0.9285714285714286
ncar,0.25,15,RandomForestScorer,0.8944127462463619
ncar,0.45,9,RandomForestScorer,0.9333882034431565
nar,0.5,3,ModelScorer,0.7857142857142856
ncar,0.3,16,RandomForestScorer,0.9344479576716203
nnar,0.4,10,ModelScorer,0.8571428571428571
ncar,0.2,16,RandomForestScorer,0.9455886401440164
ncar,0.15,14,AUMScorer,0.8160236372090987
ncar,0.2,13,AUMScorer,0.7768577416310575
nar,0.5,13,AUMScorer,0.7417905876624881
nnar,0.25,13,RandomForestScorer,0.9505180405281279
nnar,0.45,12,ModelScorer,0.9285714285714285
nnar,0.5,2,ModelScorer,0.9285714285714285
nnar,0.1,0,AUMScorer,0.8628600925043868
nar,0.05,7,RandomForestScorer,0.9736793625232538
nnar,0.15,1,AUMScorer,0.80002027743971
nnar,0.25,1,AUMScorer,0.8144787864270006
ncar,0.4,8,AUMScorer,0.7202968675564668
ncar,0.4,17,RandomForestScorer,0.9044239672868474
ncar,0.5,9,AUMScorer,0.5950922100702678
nar,0.5,11,ModelScorer,0.7857142857142857
ncar,0.1,5,AUMScorer,0.8628940471772585
nar,0.1,18,RandomForestScorer,0.9598603112691282
nnar,0.45,15,RandomForestScorer,0.9168940814062746
ncar,0.05,5,AUMScorer,0.8456922046455877
nnar,0.35,11,ModelScorer,1.0
nnar,0.45,14,AUMScorer,0.7578722046846754
ncar,0.35,8,ModelScorer,0.7857142857142857
ncar,0.2,16,AUMScorer,0.7949881006557437
ncar,0.25,6,AUMScorer,0.8211062235372601
nar,0.5,5,AUMScorer,0.6932709247504971
nar,0.25,19,ModelScorer,1.0
ncar,0.45,0,AUMScorer,0.6486585357068215
ncar,0.3,7,AUMScorer,0.7317895174379538
nar,0.35,12,AUMScorer,0.8001232150339376
nnar,0.05,3,AUMScorer,0.9363997229342272
ncar,0.3,18,AUMScorer,0.734987088151811
nnar,0.15,0,ModelScorer,0.9285714285714285
nnar,0.4,14,AUMScorer,0.7588082853638708
nnar,0.4,3,AUMScorer,0.7726138819999051
ncar,0.4,7,ModelScorer,0.9285714285714285
nar,0.45,1,ModelScorer,0.9285714285714285
ncar,0.35,9,AUMScorer,0.7453170637850981
nar,0.15,9,ModelScorer,0.8571428571428571
nnar,0.05,1,ModelScorer,1.0
nnar,0.05,12,ModelScorer,1.0
nar,0.4,12,AUMScorer,0.7983630137624272
ncar,0.45,11,RandomForestScorer,0.9268011867253964
nar,0.25,2,AUMScorer,0.8238183808268501
nnar,0.2,1,ModelScorer,0.9285714285714286
nar,0.05,5,ModelScorer,0.9285714285714285
nnar,0.25,13,ModelScorer,0.7857142857142857
nnar,0.3,14,RandomForestScorer,0.93474367586323
nnar,0.15,19,ModelScorer,0.9285714285714285
ncar,0.05,8,AUMScorer,0.8712151907997324
ncar,0.15,5,ModelScorer,0.9285714285714286
nar,0.2,10,ModelScorer,1.0
nar,0.25,0,ModelScorer,0.9285714285714286
nar,0.5,6,RandomForestScorer,0.8986919116641731
nar,0.5,17,RandomForestScorer,0.915237928625427
ncar,0.2,8,RandomForestScorer,0.9448318260345987
nar,0.1,18,ModelScorer,0.9285714285714285
ncar,0.15,6,AUMScorer,0.8124091319197808
ncar,0.15,17,AUMScorer,0.8175547144034299
ncar,0.35,1,AUMScorer,0.7028157599501023
ncar,0.4,1,RandomForestScorer,0.9350606343988874
nnar,0.5,5,ModelScorer,0.9285714285714286
ncar,0.4,9,AUMScorer,0.7250155120455252
nnar,0.45,17,RandomForestScorer,0.9121479958605372
nnar,0.35,8,RandomForestScorer,0.9344629172269775
nar,0.45,5,AUMScorer,0.7359886921838555
ncar,0.5,1,AUMScorer,0.6750025808953982
nar,0.2,4,RandomForestScorer,0.9450195067001416
nar,0.5,14,ModelScorer,0.9285714285714284
nar,0.1,1,AUMScorer,0.8053945650613477
ncar,0.05,18,ModelScorer,1.0
nar,0.1,12,AUMScorer,0.8631947921377032
nnar,0.15,11,ModelScorer,0.9285714285714285
ncar,0.3,9,ModelScorer,0.9285714285714286
nar,0.05,9,AUMScorer,0.8945587741049306
nar,0.25,3,ModelScorer,0.8571428571428572
nar,0.35,5,ModelScorer,0.8571428571428571
ncar,0.2,11,RandomForestScorer,0.9511816643935057
nnar,0.4,5,ModelScorer,0.8571428571428571
ncar,0.2,19,AUMScorer,0.7891983699555398
ncar,0.2,8,AUMScorer,0.7325025043552945
ncar,0.25,9,AUMScorer,0.7889997841914748
nar,0.5,8,AUMScorer,0.7671944137703525
nar,0.35,15,AUMScorer,0.7882032710853346
nnar,0.3,14,ModelScorer,0.8571428571428571
nar,0.4,14,ModelScorer,0.8571428571428571
nar,0.45,4,ModelScorer,0.7857142857142857
ncar,0.35,12,AUMScorer,0.7264329398830336
nnar,0.45,17,AUMScorer,0.7644215107282086
nnar,0.35,0,RandomForestScorer,0.9372657917958177
ncar,0.4,12,RandomForestScorer,0.9318574381479029
ncar,0.5,4,AUMScorer,0.7294888512107395
ncar,0.45,12,ModelScorer,0.857142857142857
nar,0.5,6,ModelScorer,0.8571428571428572
nar,0.1,4,AUMScorer,0.8429001601402634
nar,0.4,15,AUMScorer,0.7005982158602363
nar,0.2,4,AUMScorer,0.8365086629267625
nar,0.5,19,RandomForestScorer,0.8927074088875873
nnar,0.2,15,ModelScorer,0.7857142857142857
nnar,0.2,6,RandomForestScorer,0.9456001693776325
nar,0.05,1,AUMScorer,0.9013626299169891
ncar,0.05,11,AUMScorer,0.8391886764416028
ncar,0.1,7,ModelScorer,1.0
ncar,0.35,3,ModelScorer,0.9285714285714285
nar,0.2,13,ModelScorer,0.8571428571428572
ncar,0.25,12,AUMScorer,0.7892008422284845
nar,0.3,6,AUMScorer,0.8415056090480028
ncar,0.3,2,AUMScorer,0.7732903255906557
nar,0.3,15,ModelScorer,0.8571428571428571
nnar,0.35,18,AUMScorer,0.7718944023180909
nar,0.45,7,ModelScorer,0.7857142857142857
ncar,0.35,4,AUMScorer,0.7480679137119494
ncar,0.4,12,AUMScorer,0.7392518237031936
nnar,0.45,9,RandomForestScorer,0.9294219924522297
nar,0.45,8,AUMScorer,0.7892500946813589
ncar,0.45,6,RandomForestScorer,0.9357545270442936
ncar,0.45,3,AUMScorer,0.6944854658428505
nar,0.05,11,ModelScorer,1.0
ncar,0.05,10,ModelScorer,0.8571428571428571
